<?xml version="1.0" encoding="utf-8" ?>
<kml xmlns="http://www.opengis.net/kml/2.2">
<Document id="root_doc">
<Schema name="final_41wardboundary" id="final_41wardboundary">
	<SimpleField name="qwr" type="float"></SimpleField>
</Schema>
<Folder><name>final_41wardboundary</name>
  <Placemark id="final_41wardboundary.1">
	<Style><LineStyle><color>ff0000ff</color></LineStyle><PolyStyle><fill>0</fill></PolyStyle></Style>
	<ExtendedData><SchemaData schemaUrl="#final_41wardboundary">
		<SimpleData name="qwr">5.00000000000</SimpleData>
	</SchemaData></ExtendedData>
      <MultiGeometry><Polygon><outerBoundaryIs><LinearRing><coordinates>73.9191147135886,18.5546706540207 73.9206489748674,18.5545702750103 73.9213484483723,18.5567231597461 73.9213580737025,18.5570872971195 73.9213772851898,18.5578140901429 73.9220014917365,18.5578964132889 73.9226164976654,18.5583802211053 73.9243051849591,18.5577506228195 73.9244469775236,18.5579122513643 73.9260690800972,18.5576866118707 73.9264640651874,18.5576093837375 73.9281525514086,18.5573215931428 73.9282046812046,18.5562870892867 73.9286292130678,18.552600209732 73.9289827122824,18.5501323962934 73.9307111903693,18.544751072604 73.9312932360941,18.5423626737985 73.9317749280366,18.5397334310768 73.9319472876405,18.5388234124613 73.9319747887436,18.5379132505562 73.9319050905249,18.536976487539 73.9315559617511,18.5359990340857 73.9256420933081,18.5379538706746 73.9224306475564,18.5388137466572 73.9176789626142,18.5390192696236 73.9166973867751,18.5392658970036 73.9160344524282,18.5396078866948 73.9148175051238,18.5395763555644 73.9116590959907,18.539892733463 73.9101482817179,18.5405109679069 73.9055942281913,18.5411402640121 73.903917491699,18.5409758454591 73.9008395835801,18.5411547323052 73.8978830164881,18.5418801452527 73.8945995854027,18.5427331468173 73.892591461327,18.5434103839822 73.8909445697362,18.5436640827313 73.8887436139267,18.5436471916646 73.8886231911075,18.5455940368354 73.8886452942037,18.5457761073237 73.8895563343748,18.5460271769105 73.8904779994455,18.5466711158734 73.8914800379173,18.5475528459849 73.8926066828804,18.548854331456 73.8942339725725,18.5506601361058 73.8951762593514,18.5514264456872 73.8961338025775,18.5520366051638 73.8969007231396,18.5523875198963 73.8967731073008,18.5534056928597 73.896779547933,18.5557288647376 73.8969312976309,18.5564973366705 73.8969413643359,18.5565357502633 73.8957266909094,18.5566465268232 73.8946626594676,18.5577494248442 73.8947749240112,18.5581013149037 73.8953633569371,18.5579770606211 73.8966329801314,18.5578252811694 73.8970702120521,18.5578219384779 73.8971634531792,18.5578391769618 73.8972387459013,18.5579258692525 73.8973161406602,18.5590475982917 73.8993718312755,18.5587479776838 73.8993136332785,18.5581686856225 73.8994088510089,18.5566476558764 73.9007073099643,18.5570251524198 73.9008035574374,18.5570284953955 73.9009264697657,18.5569680005518 73.9009474238366,18.5568846525528 73.9010728813972,18.5537092772118 73.9027210456663,18.5542202591208 73.9057471863181,18.5550605848248 73.9067130720724,18.5555956855995 73.9079740168875,18.5566863298104 73.9092181219189,18.5574569822541 73.9113653054645,18.5585603685662 73.9131794286877,18.5591435915037 73.9159502704887,18.5601325345888 73.9186210993519,18.5609394963873 73.9187716462465,18.5594236162308 73.9186824978526,18.5578774270067 73.9183849955153,18.5563108235127 73.9182061415822,18.5551732338951 73.9191147135886,18.5546706540207</coordinates></LinearRing></outerBoundaryIs></Polygon></MultiGeometry>
  </Placemark>
  <Placemark id="final_41wardboundary.2">
	<Style><LineStyle><color>ff0000ff</color></LineStyle><PolyStyle><fill>0</fill></PolyStyle></Style>
	<ExtendedData><SchemaData schemaUrl="#final_41wardboundary">
		<SimpleData name="qwr">9.00000000000</SimpleData>
	</SchemaData></ExtendedData>
      <MultiGeometry><Polygon><outerBoundaryIs><LinearRing><coordinates>73.7881539819484,18.5166890722638 73.7877718482958,18.5167660392951 73.7872984654399,18.5167605884118 73.7864387603367,18.5166101640106 73.7850726189186,18.5182678427846 73.7843280554844,18.5197362954555 73.7839073797203,18.5213705759977 73.7840720964098,18.5221367533711 73.7827438359482,18.5232256465803 73.78315071288,18.5241170383849 73.7834565938646,18.5243972323168 73.7810654417593,18.5257955168448 73.7803491271063,18.5260209931594 73.7796252663126,18.5263451443611 73.7791983857659,18.5265847517672 73.7787290411886,18.5269625779489 73.7784053283815,18.5272770432474 73.7777882187067,18.5272878913918 73.7757922489569,18.5279723882106 73.7752077524893,18.5279995149426 73.7722985605894,18.5280888360904 73.7708333411373,18.5282369722716 73.7704558671518,18.5280910773143 73.769911627364,18.5280628047319 73.7680656197979,18.5280755113861 73.7667323756887,18.5281221514741 73.7655156079898,18.5283306024497 73.7646011450628,18.5281855160373 73.7640101302305,18.5281275522427 73.7613807675634,18.5281731310827 73.7608732983408,18.5283267873452 73.7595437238428,18.5283784437777 73.7581905588499,18.5284263609832 73.7568557852525,18.5287291942203 73.7554414056654,18.5288364286782 73.7494158772418,18.5307596580624 73.7487876154369,18.5302531552514 73.7485372009625,18.5301510284324 73.7481254324264,18.5299550908932 73.7475431969048,18.5298043939854 73.7472530653206,18.5295938049068 73.7472507826676,18.5291694614497 73.747174879817,18.5292217760144 73.7436302235561,18.5320577102952 73.7391059528776,18.5324664341787 73.7368955865622,18.5336782580452 73.7359746007473,18.5344344359007 73.7359261281883,18.538806695073 73.7377584051264,18.5406777507777 73.7382625236966,18.5408619481206 73.7402789979774,18.5435861267984 73.7404050280697,18.5440514675012 73.7401238847096,18.5453020692352 73.7398912148078,18.5476093815679 73.7401723572685,18.5485303673826 73.7402789979774,18.5493737965635 73.7401917466518,18.5500911965516 73.7399447289662,18.5507457743981 73.7391253422609,18.5521270593164 73.7387569475753,18.5529220159383 73.7386503068664,18.5535618592925 73.7381946617543,18.5564314574459 73.7369537538128,18.5594270847923 73.7360366152976,18.5612339235068 73.7361239745419,18.5615595374428 73.7336905556747,18.5637194607845 73.7328320961244,18.5654629359658 73.7322841113227,18.5661101933308 73.7319505554738,18.5669281995769 73.7318274571716,18.5672935221784 73.7319108459089,18.5675397187832 73.7320463530568,18.5677400005007 73.7333431017029,18.5688940447245 73.7337960326608,18.5691546349786 73.7344847361817,18.5696137712585 73.7352044627159,18.5699612252304 73.7355333034194,18.5700356792034 73.7375812962399,18.5716932835183 73.7377361621943,18.572062577526 73.7379426483346,18.5723603952161 73.7383119423424,18.5726304166604 73.7392570173976,18.5731982557949 73.739864566097,18.5738018330883 73.7415720549065,18.5743934979616 73.7426759655235,18.574476886699 73.7431445320946,18.5746992575647 73.7440022479055,18.5747032280717 73.7445144936491,18.5745642468427 73.7460035829991,18.5742187776745 73.7466627527839,18.5741393603433 73.7474926714497,18.57415524327 73.7478504721216,18.5744343082969 73.7491398517229,18.5744730861642 73.7503040717755,18.574814413954 73.7509473577344,18.5749454532701 73.7513610764526,18.5755577171151 73.7521736525921,18.5762859746181 73.7522645389774,18.5767555565237 73.752840155449,18.5776492757935 73.7534006237399,18.5788308041984 73.7537944665415,18.5795730461593 73.7542034566243,18.5799214453186 73.7551880631787,18.5815119638062 73.7557788278308,18.5820724320972 73.7567634343852,18.5842840097993 73.7577827718575,18.5855656345466 73.7587196567868,18.5867010646025 73.7596937691521,18.5874456097272 73.7609098585033,18.5882211769658 73.7623226745519,18.5886920188218 73.7637920111924,18.5886314269989 73.7658975543288,18.5880558114266 73.7675789592017,18.5875407858787 73.7691240349463,18.5872832731047 73.7712447262631,18.5875104904169 73.7733654175801,18.5882527323778 73.7746529796515,18.588449653329 73.7757284734903,18.5883890624054 73.7765161581943,18.5880103677843 73.777924903012,18.5866167702479 73.778561110407,18.5856927555163 73.7790761359551,18.5842688625182 73.7798585137596,18.5820786850834 73.7809117952433,18.5786344228405 73.7811222536891,18.5781142342846 73.7816265584191,18.5776933182921 73.7836805083488,18.5761037162137 73.7860580865116,18.5741870109219 73.7873089211699,18.5732816445324 73.789059840939,18.5723809941877 73.7895437949103,18.5717791543845 73.7899773679612,18.5707640922891 73.7899853098743,18.5700930091852 73.7898264734132,18.5692114685346 73.7894690927246,18.5684371423604 73.7892070131932,18.5683537536229 73.7886590283916,18.5681075579176 73.7884843081045,18.5677700306624 73.7881242267518,18.5661098758701 73.7881242267518,18.5653093416529 73.788324995902,18.5648442689479 73.7887123869671,18.5644019598826 73.7891218869657,18.5641475740513 73.7922844635572,18.5634134727537 73.7926021355801,18.56342363869 73.7928284769528,18.5635489601165 73.7929198076032,18.5636839708386 73.7929992258338,18.5639897304418 73.793110410817,18.5642041593945 73.7934092213586,18.5644453917415 73.7942341766661,18.5650102532206 73.7945995001669,18.5653001289979 73.7947543652219,18.5655502961094 73.7955373779477,18.5664618660223 73.7959733553,18.5668865710675 73.7960157966348,18.5662573378084 73.7959739333933,18.5658138427922 73.7959754883051,18.5655922387853 73.7961366057486,18.5650642537067 73.7961629535507,18.5645139622127 73.7959755068458,18.5640083447698 73.7958186795681,18.5637968819134 73.7956089872196,18.5635988079488 73.7953077336288,18.5634596274649 73.7948290855983,18.563305587086 73.7946569044605,18.5632312834319 73.7946291827826,18.5630801226467 73.7946834278468,18.5628700081168 73.7949940381873,18.5623595635065 73.7951737455117,18.5620450189529 73.795318587961,18.5619132616247 73.7955318821265,18.561789078153 73.7957632293173,18.5616353626636 73.7958626232059,18.5614720195896 73.7959224340648,18.5612615732014 73.7959637216915,18.5610656504473 73.7969396510151,18.5606853571898 73.7971369158761,18.5605753445359 73.7972974834844,18.5604446002594 73.7974222180061,18.5601972335855 73.7974614908787,18.5600693768251 73.7975773881481,18.5599603090451 73.7977452832949,18.5599613787556 73.7979126658282,18.560035648949 73.7980841717598,18.5602060260034 73.7983613415692,18.5603587750326 73.7987557525543,18.5602103021948 73.7988990541534,18.5602981447229 73.7990411575807,18.560257299523 73.799933401145,18.5602200829751 73.8005989864072,18.5604387791366 73.8027963732494,18.560877642775 73.8031306040338,18.5599749869541 73.8035504684602,18.5585478788119 73.803882199747,18.5580026479074 73.8044032534717,18.5571793633145 73.8046967659879,18.5553940089478 73.8044170206586,18.5552023452497 73.8048591764582,18.5511999706691 73.8043418073779,18.5458189936091 73.804646382414,18.5441230669664 73.80469938857,18.5395495225907 73.8060955599347,18.5382831870581 73.8049556162088,18.5378294179932 73.8038437627795,18.5377658835887 73.8046952741677,18.5350731146326 73.8068369035004,18.5351180726411 73.8072142473398,18.534708199424 73.8075556048074,18.5344265128734 73.8080664215283,18.5341062993663 73.8100791321464,18.5301381100859 73.8105426778025,18.5293118300771 73.8108682917384,18.5274216799667 73.8123216420303,18.5243918810806 73.812091081938,18.524314448553 73.8111479916866,18.5242399936809 73.8103476067567,18.5243951069486 73.8093238581096,18.5248464874756 73.805973408646,18.5246308795116 73.804484319296,18.5245440157938 73.8037106909957,18.5242357281963 73.8023437547606,18.5241678662541 73.801897803441,18.523886722894 73.8001333884452,18.5235958857416 73.7988630097202,18.523166608752 73.7975414433831,18.5221366556821 73.7965549212727,18.5210508619078 73.7954896806044,18.519708355756 73.7936139709082,18.5179113664165 73.7931424266818,18.5173529584724 73.7926491656266,18.5170714275044 73.7921644364397,18.5160728850557 73.7914567311434,18.5159759390385 73.7908265833803,18.5160147169058 73.7901964347178,18.5162667761909 73.7881539819484,18.5166890722638</coordinates></LinearRing></outerBoundaryIs></Polygon></MultiGeometry>
  </Placemark>
  <Placemark id="final_41wardboundary.3">
	<Style><LineStyle><color>ff0000ff</color></LineStyle><PolyStyle><fill>0</fill></PolyStyle></Style>
	<ExtendedData><SchemaData schemaUrl="#final_41wardboundary">
		<SimpleData name="qwr">28.00000000000</SimpleData>
	</SchemaData></ExtendedData>
      <MultiGeometry><Polygon><outerBoundaryIs><LinearRing><coordinates>73.8455870078342,18.501231813997 73.8457897823047,18.5012280502308 73.8470364621086,18.5012476795843 73.8475561824018,18.5011193538792 73.8483765803159,18.5008845695493 73.8488236470908,18.5007093892385 73.8494828861223,18.5003266580854 73.8499959411869,18.499981710221 73.8504527626783,18.4995590711486 73.850157255453,18.4988774842087 73.8498659767335,18.4983591779338 73.8494847433263,18.497956527172 73.8494206612347,18.4973600895966 73.849221306718,18.4965734858777 73.8490272096381,18.4961183614732 73.8475748288153,18.4969349081196 73.8471746412968,18.4969113009159 73.8461492199106,18.4956498515595 73.8460421313393,18.4955762285601 73.8452012229582,18.4955106374063 73.8449185111805,18.4951251205279 73.8442631320381,18.4946196655653 73.8439118838264,18.4944740257557 73.8437319762497,18.4944012058511 73.843209386504,18.4938614822217 73.8427981688006,18.4937372597669 73.8423877541916,18.4929191078306 73.8415712075453,18.4922698872456 73.8410357682862,18.4914801125173 73.840734582635,18.4912592435194 73.8406743460444,18.4904025394458 73.8406007230451,18.4896127656168 73.8402727654759,18.4887025177072 73.8402727654759,18.4877119540435 73.8390843572573,18.4876032592831 73.8381762506336,18.4878003016426 73.8377907337555,18.4875689915158 73.8369664241612,18.4878859719602 73.8363305890856,18.4882473942021 73.8347175758556,18.487912743878 73.8340348896984,18.4878725855514 73.8334242851027,18.4876060013161 73.8325490442031,18.4873237598837 73.8313242252123,18.4866678456896 73.8309240806276,18.4862129721053 73.8306683044183,18.485677693027 73.8306948780058,18.4848672522041 73.8308482805784,18.4844325765239 73.8311768613536,18.4841771913071 73.8315299819347,18.4841283208779 73.8317084194795,18.4841139522112 73.8337564768385,18.4833376276359 73.8352885116664,18.4833470559339 73.8359865682299,18.4832121214614 73.8366433632602,18.4831852180246 73.8371229996873,18.4825505071866 73.8372878276764,18.4819574867981 73.8373294825126,18.4811656992731 73.837272871959,18.4809439756576 73.8372337988608,18.4808296815563 73.8364870025365,18.4799279085754 73.8355923639363,18.4795016380744 73.8352809330455,18.4795244746836 73.832448394099,18.4802792774163 73.8324200157818,18.479873180831 73.8317246442953,18.4783689632728 73.830814483608,18.4787049158255 73.8296030968079,18.4790885054289 73.8289491770769,18.4791240658939 73.8286308142785,18.4793731745444 73.8282813605783,18.479494571624 73.8279836292023,18.4798222188065 73.82682983479,18.4802792120565 73.8268326652616,18.4806257475048 73.8258436568286,18.4811096942449 73.8255088799058,18.4807512002904 73.8237013301894,18.4827801192271 73.8240882373786,18.4828937336046 73.8243010038652,18.4829562115671 73.824927808355,18.483304614267 73.8256284826604,18.4840784923596 73.8262977820754,18.4853020564021 73.8268102144807,18.4865047044584 73.8277047984124,18.4884820845437 73.8279762469138,18.4889474251366 73.830624081057,18.4928519211769 73.8325762527227,18.4956940262593 73.8329288485343,18.4960709389313 73.8332900927637,18.4964570956185 73.8348503157895,18.4977143631274 73.8355687120129,18.4983716221761 73.8362791424488,18.497600477407 73.8384150724468,18.4976358788591 73.838420521701,18.4981793301548 73.8390937941255,18.4993566995205 73.8391324605483,18.5010143607971 73.8421654916713,18.5010125648079 73.843309769,18.50237131554 73.8436634201281,18.5027199056922 73.8439049372936,18.5028028942411 73.8450935381309,18.502864495045 73.845319176998,18.5028705938616 73.8454328370559,18.5021431455898 73.8455870078342,18.501231813997</coordinates></LinearRing></outerBoundaryIs></Polygon></MultiGeometry>
  </Placemark>
  <Placemark id="final_41wardboundary.4">
	<Style><LineStyle><color>ff0000ff</color></LineStyle><PolyStyle><fill>0</fill></PolyStyle></Style>
	<ExtendedData><SchemaData schemaUrl="#final_41wardboundary">
		<SimpleData name="qwr">36.00000000000</SimpleData>
	</SchemaData></ExtendedData>
      <MultiGeometry><Polygon><outerBoundaryIs><LinearRing><coordinates>73.8471980664566,18.4926959014574 73.8497444126364,18.4926509627932 73.8507720220633,18.4926674304294 73.8576392937145,18.4924819393505 73.857493436297,18.490353179059 73.8574202308963,18.4896943372053 73.8574274317718,18.4893565930053 73.8574753783681,18.4871079735425 73.8575248087971,18.4847896232328 73.8571587860252,18.482739892347 73.8570751237316,18.4774796121927 73.8562891144641,18.4762468455876 73.8562422632493,18.4745602090006 73.8562908521412,18.473457693318 73.8575984151349,18.4686296649272 73.8576181120863,18.4684353897816 73.8576288526896,18.4683294478458 73.8531818247815,18.4679484689469 73.8527256472708,18.4684257013852 73.8519536539381,18.4683274477536 73.8515746760306,18.467843197006 73.850416686481,18.4678642519338 73.8500306893649,18.4683555200913 73.8491674607098,18.4683765741197 73.8480703885377,18.4685495011586 73.8466128653916,18.4686151903389 73.845616292458,18.4686081720296 73.8447109557462,18.4684537737228 73.8440372160448,18.4705311366028 73.8441357502649,18.4718418409283 73.8435922674692,18.4721427774673 73.8439108900756,18.4746227002775 73.8437564917688,18.4765386465415 73.8441104676241,18.4800670061876 73.8450535272986,18.4819421601028 73.8444613740932,18.4817009115678 73.8441948600049,18.4816460969899 73.8439275203389,18.4816230995266 73.8437032995677,18.4817697052078 73.8431296328264,18.4829136257634 73.8428556453719,18.4839871168122 73.8425097930926,18.4847147555816 73.8423840283004,18.4852402717212 73.8423436037745,18.4857343475621 73.8423211459042,18.4861071498251 73.8419970895941,18.4864077716015 73.8416795659593,18.4865933206253 73.8413116146394,18.4867284275749 73.8413116146394,18.4872171137789 73.8402727663751,18.4877119540435 73.8402727663751,18.4887025177072 73.8406007230451,18.4896127656168 73.8406743460444,18.490402540345 73.840734582635,18.4912592444188 73.8410357682862,18.4914801134167 73.8415712084447,18.4922698872456 73.8423877541916,18.4929191078306 73.8427981688006,18.4937372597669 73.8432093874034,18.4938614822217 73.8437319762497,18.4944012058511 73.8439118838264,18.4944740257557 73.8442631320381,18.4946196646659 73.8449185111805,18.4951251214273 73.8452012229582,18.4955106374061 73.8460421317891,18.4955762285601 73.8463251019605,18.4944309149984 73.8471980664566,18.4926959014574</coordinates></LinearRing></outerBoundaryIs></Polygon></MultiGeometry>
  </Placemark>
  <Placemark id="final_41wardboundary.5">
	<Style><LineStyle><color>ff0000ff</color></LineStyle><PolyStyle><fill>0</fill></PolyStyle></Style>
	<ExtendedData><SchemaData schemaUrl="#final_41wardboundary">
		<SimpleData name="qwr">35.00000000000</SimpleData>
	</SchemaData></ExtendedData>
      <MultiGeometry><Polygon><outerBoundaryIs><LinearRing><coordinates>73.8237013294513,18.4827801204014 73.8255088802622,18.4807512006366 73.8258436571992,18.4811096938921 73.8268326655146,18.4806257470957 73.8268298350085,18.4802792124021 73.8279836289121,18.4798222185892 73.8282813601718,18.4794945719679 73.8286308143242,18.4793731749889 73.8289491769051,18.479124065968 73.8296030965393,18.4790885052789 73.8308144835303,18.4787049161799 73.8317246446082,18.4783689635088 73.8324200153463,18.4798731804927 73.8324483938359,18.4802792775633 73.8352809326424,18.4795244749888 73.8355923643444,18.4795016382449 73.8364870023308,18.4799279084063 73.837233798777,18.4808296812836 73.8372728720585,18.4809439759214 73.8373294823766,18.4811656988334 73.8372878273295,18.4819574872134 73.8371229993816,18.4825505073409 73.8366433628746,18.4831852182763 73.835986568283,18.4832121214387 73.8352885118085,18.4833470560199 73.8337564767371,18.4833376277203 73.8317084196867,18.4841139520071 73.831529982317,18.484128320988 73.8311768616419,18.484177190914 73.8308482809122,18.4844325766806 73.8306948784389,18.4848672521096 73.8306683041371,18.4856776934375 73.8309240808671,18.48621297203 73.8313242272682,18.4866678480117 73.8325490442031,18.4873237598837 73.8334242851027,18.4876060013161 73.8340348896984,18.4878725855514 73.8347175758556,18.487912743878 73.8363305890856,18.4882473942021 73.8369664241612,18.4878859719602 73.8377907337555,18.4875689906165 73.8381762506336,18.4878003016426 73.8390843572573,18.4876032601823 73.8402727663751,18.4877119540435 73.8413116146394,18.4872171128796 73.8413116146394,18.4867284275749 73.8416795659593,18.4865933206253 73.8419970895941,18.4864077716015 73.8423211459042,18.4861071498251 73.8423436037745,18.4857343475621 73.8423840283004,18.4852402717212 73.8425097930926,18.4847147546823 73.8428556462712,18.4839871168122 73.8431296328264,18.482913624864 73.8437032995677,18.4817697061072 73.8439275203389,18.4816231004258 73.8441948600049,18.4816460969899 73.8444613740932,18.4817009115678 73.8450535272986,18.4819421601028 73.8441104676241,18.4800670061874 73.8437564908694,18.4765386474407 73.8439108900756,18.4746227002775 73.84359226657,18.4721427783667 73.8441357511641,18.4718418409283 73.8440372160448,18.4705311366028 73.8447109557462,18.4684537737228 73.8453917128573,18.4652043846747 73.8436582381373,18.4649166420894 73.8417966819713,18.4647916318284 73.8421914510748,18.4631248283483 73.8398776645227,18.4629493751136 73.838724499836,18.4647131165172 73.8374050936703,18.4647271522364 73.8370541881005,18.4649868233832 73.8364225573553,18.4655131821876 73.8350891145711,18.4654851098501 73.8349908609396,18.4653166749247 73.8347382081019,18.465064022087 73.8344715195452,18.4650219131309 73.8336784721839,18.4650008591025 73.8328629343504,18.464978205361 73.8328031189975,18.4655700810375 73.8261289785442,18.464830911341 73.8259549165417,18.4663514022548 73.8243142668266,18.4659421602208 73.8240443779974,18.4663756439703 73.8235097329251,18.4664890751949 73.8231743394201,18.466741719413 73.821688209119,18.4661168966346 73.8207110829287,18.4658773202314 73.8200638404564,18.466191700439 73.8193850453096,18.4662405411351 73.8187287840767,18.466247065622 73.8180716507609,18.4663809458834 73.817634449817,18.4668500599944 73.8174245086342,18.4667132797941 73.816806915407,18.4662851746211 73.8161542308826,18.4654500166986 73.8157465038847,18.4664031476939 73.8147646418865,18.4673279027984 73.8139335681171,18.467927709407 73.8135063904253,18.4683208854687 73.8134266218581,18.4686978238477 73.8138675799804,18.4702858258398 73.8139269719194,18.4706279171598 73.8137460216218,18.4709036950559 73.813572136173,18.4710498990749 73.8132571399602,18.4710656022214 73.813071837693,18.4710762244777 73.8130084358565,18.4713173883332 73.8128018145088,18.4717344060211 73.8125418965832,18.4718211529019 73.8117765925161,18.4708795719723 73.8115677308372,18.4707250777024 73.8111772668266,18.4709406217877 73.8104084397187,18.4714071337373 73.8100193949683,18.4714164746782 73.8092356182572,18.4713644176693 73.8079193307004,18.4715328922109 73.8070098609143,18.4718740026103 73.8072811092361,18.4720850967498 73.8085403345688,18.4728387951744 73.8093399901486,18.4746403161978 73.8112050680596,18.4783216748056 73.8118007448086,18.4789842817992 73.8122893338856,18.479318932123 73.813179502632,18.4797338982009 73.8152677194298,18.4805705231112 73.8165197277033,18.481192136308 73.8175165668362,18.4817618766094 73.8185004377452,18.4822236937685 73.8199461249139,18.482732362009 73.8213826111187,18.4828444696965 73.8223761029748,18.4827608066659 73.8234218841127,18.4826980600676 73.8237013294513,18.4827801204014</coordinates></LinearRing></outerBoundaryIs></Polygon></MultiGeometry>
  </Placemark>
  <Placemark id="final_41wardboundary.6">
	<Style><LineStyle><color>ff0000ff</color></LineStyle><PolyStyle><fill>0</fill></PolyStyle></Style>
	<ExtendedData><SchemaData schemaUrl="#final_41wardboundary">
		<SimpleData name="qwr">3.00000000000</SimpleData>
	</SchemaData></ExtendedData>
      <MultiGeometry><Polygon><outerBoundaryIs><LinearRing><coordinates>73.9569507618683,18.6200570919612 73.9572943262723,18.6197135275575 73.9582884692376,18.619720837247 73.9593849514544,18.6197573865942 73.9599770515997,18.6200059223355 73.9607451733511,18.6203009494295 73.9631685440931,18.6203570887088 73.9640559627126,18.6194065125007 73.9656056573752,18.6187266942817 73.9655617974391,18.6185293272667 73.9654229097396,18.6182734818358 73.9646904362147,18.6178901206326 73.9643708729176,18.6176436623252 73.9642960196456,18.6174003894165 73.9642898790747,18.6170819718556 73.9657884041116,18.6102984045478 73.965919396663,18.6095875920938 73.9660003905057,18.608134680671 73.9657816458696,18.6072037270096 73.9679991417573,18.6038575713509 73.9720565868972,18.6031630568014 73.9732782799531,18.6031864173729 73.9750461042823,18.6030496216767 73.9765014026413,18.6028263280414 73.981138152593,18.6029879576805 73.9822910255818,18.6036283730971 73.9829486990788,18.6036336339131 73.9834169614629,18.6037599079839 73.9838273494341,18.6039493175053 73.9840904180432,18.6040913746173 73.98591611714,18.6055382542471 73.9903024653363,18.6062991816773 73.9932702137843,18.6071459355409 73.9955760133918,18.6081478997134 73.9981867111747,18.609722525622 73.9989948590074,18.6104229209458 74.0003796548987,18.6112468530406 74.0022721080886,18.612999221404 74.0043437764664,18.6138706384565 74.0053884893188,18.6123833116895 74.0055042399917,18.6113468187804 74.0077061286141,18.6084695019979 74.0086768528921,18.6078322169568 74.0090714568374,18.6060012558216 74.0100737494971,18.6042110705998 74.0108218583539,18.6033461767084 74.0112128387191,18.6033126901978 74.0116046205787,18.6029827703146 74.0099593095451,18.6012810652244 74.0097861055562,18.6011019229894 74.0095470041171,18.6008849665587 74.0085830849653,18.6000103193014 74.0075186800863,18.5995525161927 74.0027683169203,18.5968368529363 74.0016884267519,18.5957874616799 74.0010458178759,18.5949258537781 73.9997797797774,18.5932283398324 73.9997797588628,18.593228310246 73.9983938725829,18.5911579969958 73.9980021882558,18.5903559954817 73.9956972711345,18.5874786046994 73.9936151978997,18.5854271852556 73.9890988206141,18.5827006908265 73.9865376764029,18.5813375852645 73.9858712310865,18.581131417532 73.9857462034112,18.5843105904193 73.9854782561623,18.5843561769188 73.9843331406933,18.5842110961787 73.9835586504514,18.583799438633 73.9830070703385,18.5851022610678 73.9820627017837,18.585495385563 73.9810924430961,18.5853419681133 73.9806077550962,18.5851911718292 73.9800956969985,18.5847438756851 73.9799802077534,18.5845672924801 73.9795062814262,18.584240593418 73.9794059627566,18.5831472559798 73.9784892980526,18.5805214373091 73.9775480939539,18.5803866823044 73.9749719207881,18.579307104702 73.9736380406975,18.5790683244223 73.9733031764163,18.578937426813 73.9728214221635,18.5786200835689 73.9727045073782,18.5785430690935 73.9724809602477,18.5783958125953 73.972464774669,18.5783878262124 73.9722907140177,18.5783019386184 73.9720065107217,18.5781617026049 73.9709067374891,18.5777165420032 73.9706116166739,18.5775970838318 73.9692749255588,18.5769984330753 73.9674697622773,18.5768125995591 73.9665481791973,18.5766501148373 73.9646864917172,18.5761768560241 73.9621607016722,18.5753531980359 73.9600997687073,18.574580733184 73.9572548128877,18.573320587783 73.9547970602072,18.5717746623823 73.9540939466784,18.5698856435077 73.9486125518279,18.5674104996949 73.9468973980964,18.5661537061288 73.9447386708531,18.5650891282608 73.9437998074152,18.5645042721545 73.9436114623992,18.564476113482 73.9434576621416,18.564548052051 73.9434179714623,18.5646820069691 73.9434576621416,18.5648035584376 73.9446474418261,18.5661220221137 73.9449342671029,18.5663080711607 73.9452249675582,18.5664747389181 73.9479120123297,18.5674536743477 73.9465796334435,18.5696278735276 73.9451140172982,18.5713902470625 73.9435636130705,18.5736855723314 73.9467128716017,18.5737521914107 73.9467056041804,18.5762461625304 73.9412869406398,18.5764399628342 73.9434000938394,18.5756720281417 73.9433879808707,18.5741700739899 73.940722845383,18.5737654393237 73.9377325636071,18.573453163233 73.9373540470518,18.5755350047368 73.9373279837996,18.5756216589127 73.9345233643619,18.575618384481 73.9345446980794,18.5752098719381 73.9360310705776,18.573242254227 73.9345942822005,18.5726378387653 73.9341218935107,18.5721412241382 73.9338372481906,18.5724077004551 73.9336913556715,18.5725729445859 73.933584687983,18.5729326383307 73.9321899438109,18.5745368418019 73.9313914861283,18.5746492453664 73.9308876040797,18.5738701671746 73.9308604724329,18.5730058170649 73.9304806230824,18.5726569763385 73.9313410980133,18.5718236339537 73.9310852813607,18.571579445535 73.930155038824,18.5723662749837 73.9286730073535,18.5710101369085 73.9281099004515,18.5713177374237 73.9273085928174,18.5697308306134 73.9274236619726,18.5682167634928 73.9301853198967,18.5682046514236 73.9302034889,18.5679321190721 73.9305736471562,18.567978631109 73.9308488441989,18.568160804078 73.9312441978614,18.5681297954537 73.9313837339723,18.567978631109 73.9325560119505,18.5680720859582 73.9341602495959,18.5683520206294 73.9341502752151,18.5674143011291 73.9342571497479,18.5654773125281 73.9344078833172,18.5632809063889 73.9300354285702,18.5628878824176 73.9279462190478,18.5626527359576 73.9279761485908,18.5608221218578 73.9281525518055,18.557321593303 73.9264640655754,18.5576093839528 73.9260690800717,18.557686612253 73.9244469778286,18.5579122517464 73.9243051845043,18.5577506232422 73.9226164979611,18.5583802212128 73.9220014919701,18.5578964137179 73.921377285247,18.5578140905497 73.9213580737549,18.5570872969125 73.9213484484943,18.5567231598479 73.9206489750761,18.5545702749491 73.9191147134002,18.554670654336 73.9182061418466,18.5551732340085 73.9183849953972,18.5563108236826 73.9186824979392,18.5578774274346 73.9187716465376,18.5594236158063 73.9186211006163,18.5609394902099 73.9181800747507,18.5608275297668 73.9125286109067,18.5589244321168 73.9092181219189,18.5574569822541 73.9079740168875,18.5566863298104 73.9068168547141,18.5556854518222 73.9061150054819,18.5552191402134 73.9057471862863,18.5550605848978 73.9055860991928,18.5559346640522 73.9063614122012,18.5562740447282 73.9063316992486,18.5594277350021 73.9068484748773,18.5646610131953 73.906554594419,18.5665379684525 73.9065645284801,18.566658171632 73.9061211804219,18.566705818736 73.9059308457589,18.5680133931114 73.9066865542758,18.5680139811564 73.9070004452917,18.5704430209523 73.9054578420566,18.5705219812395 73.9050109553845,18.5702555270162 73.9050404574395,18.5696125765829 73.9049450984143,18.5694311952139 73.9013368888863,18.5694700128309 73.900885822223,18.5700139237038 73.9008317963504,18.5702074479155 73.9009866919823,18.5704128521714 73.9008639795,18.5709151450795 73.900757516846,18.5713509206086 73.9006516207758,18.5715288676632 73.9004972692338,18.571581788269 73.9003250274782,18.5715892625345 73.8997709911385,18.5724373358145 73.8998201933841,18.5734736168066 73.8991913278828,18.5754143502527 73.8974763335606,18.5750353473564 73.8956838848096,18.5747504165971 73.8960479815145,18.5790139861011 73.896254708603,18.5832303546813 73.8971369395622,18.5830683834124 73.8979305835819,18.583600612084 73.8982350310322,18.5841053881002 73.8982805244908,18.5845351394706 73.8983179113712,18.5848883113144 73.8993378236493,18.5867796328511 73.899931645125,18.587372395233 73.9001416925851,18.5881969879008 73.9001709951954,18.5886476912381 73.9002110276169,18.588743388097 73.9003491221143,18.5887637838218 73.9004556311078,18.588746966775 73.9016061728866,18.5886207052815 73.9044685105058,18.5882831409086 73.9044861621347,18.5874475844096 73.9050837100452,18.5852631979384 73.9064802222844,18.5855082011426 73.9104468071745,18.5861221763974 73.9118348127266,18.586703595295 73.9120806765821,18.5868139843779 73.9123064711667,18.5869896012891 73.9123666802333,18.5871601989754 73.914587438511,18.5899071126664 73.9173851294798,18.5920406563597 73.9186457286869,18.5926644952519 73.9210859801138,18.5930801622748 73.9212993360675,18.5928140086139 73.9221842749333,18.5934043928347 73.9226121536949,18.5935443082209 73.9236328853338,18.5944902279504 73.9247006303905,18.5958956760061 73.9246306462632,18.596458497002 73.9246654534065,18.5971796509634 73.9249192405908,18.5977838973879 73.9258297664768,18.5996867164523 73.9261850571645,18.6001804920031 73.926507775401,18.6000804912569 73.926846708721,18.5996309401532 73.9269205670948,18.5984867576908 73.9272540726022,18.5984772110942 73.9274229173083,18.5999359393261 73.9276008248439,18.6027421965177 73.928252149761,18.6026746841224 73.9288073793377,18.6026167972026 73.9298946535308,18.6027959400692 73.9307876247664,18.6031590277248 73.9315759832839,18.6038302817483 73.9322985378647,18.6048530714532 73.9327697149376,18.6055363025624 73.93355878319,18.6067008037423 73.9349578963742,18.6079812355489 73.9353318291306,18.6086764499817 73.9360983241576,18.6092592367825 73.9369200442667,18.609776893621 73.9367525969649,18.6108089153204 73.9371518066833,18.6112149420675 73.9378549478101,18.6114789546445 73.9388360340695,18.6116563682499 73.9396717213977,18.6120996704102 73.9409026047947,18.6122192107494 73.9416680298182,18.612842510483 73.9423267849432,18.6131240382177 73.9426265670533,18.6133387218557 73.9427372413547,18.6141024377646 73.9428708868211,18.6146069787185 73.9432555490059,18.6152962938062 73.9442857519633,18.6167745503206 73.9449697540551,18.6173679756296 73.9455055610309,18.6176755581459 73.9458741886486,18.6181526335096 73.9463789955798,18.6183191364681 73.9466515400031,18.6187928928462 73.9470968342324,18.6191404457076 73.9474304281588,18.6194475394448 73.9476461881426,18.6199976259856 73.9476783063792,18.6205991826054 73.9508703142136,18.6201434394683 73.9516584099077,18.6200406442604 73.9522980248341,18.6199606927318 73.9528691087226,18.6201320180783 73.954026810489,18.6206638114858 73.9547285586762,18.6205614731336 73.9563513520333,18.6202398386977 73.9569507618683,18.6200570919612</coordinates></LinearRing></outerBoundaryIs></Polygon></MultiGeometry>
  </Placemark>
  <Placemark id="final_41wardboundary.7">
	<Style><LineStyle><color>ff0000ff</color></LineStyle><PolyStyle><fill>0</fill></PolyStyle></Style>
	<ExtendedData><SchemaData schemaUrl="#final_41wardboundary">
		<SimpleData name="qwr">1.00000000000</SimpleData>
	</SchemaData></ExtendedData>
      <MultiGeometry><Polygon><outerBoundaryIs><LinearRing><coordinates>73.9045061852123,18.6168176260326 73.9058658594916,18.6163690803846 73.9058668404523,18.6171871941517 73.9071120282841,18.6172725660372 73.9072799608508,18.6174451184048 73.9104943952941,18.61808234322 73.9114905642284,18.6185032140065 73.9139056698717,18.6186473959597 73.9156055401023,18.618494410514 73.9187478261967,18.6190746139575 73.919338579663,18.619213262895 73.9219641543209,18.6201018380518 73.9236326378738,18.620868350093 73.9264187637183,18.6210770665434 73.929475490939,18.6207638171951 73.9330805400887,18.6202247065265 73.9347229096322,18.6199669362294 73.9359728500522,18.6202629560293 73.9394126642574,18.6203800456586 73.9408175757945,18.6196065743007 73.9411428885188,18.6194618954066 73.9420300813377,18.6195726972008 73.9426948606163,18.6197555002324 73.9430195139836,18.6199936925292 73.943291765564,18.6201462889774 73.943548237765,18.6201998211474 73.9439308255633,18.6201811315251 73.944625679927,18.6200287525579 73.9461916258215,18.6205020647965 73.9470046878744,18.6206083586671 73.9476783063792,18.6205991826054 73.9476461878849,18.6199976259455 73.947430428179,18.6194475393816 73.9470968346141,18.6191404453809 73.94665154035,18.6187928931663 73.9463789957488,18.6183191363146 73.9458741887872,18.6181526337585 73.9455055608217,18.6176755578773 73.9449697543969,18.6173679753017 73.9442857516074,18.6167745503586 73.9432555494296,18.6152962937359 73.9428708863994,18.6146069791333 73.9427372414075,18.6141024382048 73.9426265672137,18.6133387217194 73.9423267851532,18.6131240379121 73.9416680295833,18.6128425103074 73.9409026046227,18.6122192105396 73.9396717215434,18.612099670675 73.9388360343578,18.611656368312 73.9378549482313,18.6114789548109 73.9371518070824,18.6112149423865 73.936752596746,18.610808915322 73.9369200438159,18.6097768931941 73.9360983237455,18.6092592364622 73.9353318295502,18.6086764503289 73.9349578968458,18.6079812356045 73.9335587836248,18.606700803918 73.9327697145202,18.605536302788 73.9322985373936,18.604853071709 73.9315759830627,18.6038302815863 73.9307876245804,18.6031590276994 73.9298946539328,18.6027959396823 73.9288073795701,18.6026167973909 73.9282521496119,18.6026746842114 73.9276008244643,18.6027421967934 73.9274229170273,18.599935939156 73.9272540721852,18.5984772112154 73.9269205675236,18.5984867577986 73.9268467089398,18.5996309402482 73.9265077752068,18.6000804912347 73.9261850571108,18.6001804920461 73.9258297661306,18.5996867162667 73.9249192402291,18.5977838973607 73.9246654534779,18.5971796510663 73.924630646352,18.5964584965579 73.9247006300076,18.5958956756464 73.9236328855697,18.5944902277026 73.9226121538878,18.5935443085156 73.9221842750415,18.5934043928404 73.9212993360746,18.5928140084375 73.9210859800756,18.5930801621823 73.9186457284875,18.5926644950376 73.917385129181,18.592040655986 73.9145874380914,18.5899071123582 73.9123666805859,18.5871601993427 73.9123064708182,18.5869896016924 73.9120806766878,18.5868139845135 73.9118348123896,18.5867035952509 73.9104468073527,18.5861221763406 73.9064802226502,18.5855082015203 73.9050837101355,18.5852631977949 73.9044861618303,18.5874475843312 73.9044685104171,18.5882831406604 73.9016061729051,18.5886207052868 73.9006080279382,18.5887229042387 73.9003491221143,18.5887637838218 73.9002110276169,18.588743388097 73.9001709951954,18.5886476912381 73.9001612276586,18.5884062934158 73.9001416925851,18.5881969879008 73.899931645125,18.587372395233 73.8993378236493,18.5867796328511 73.8990996727453,18.586359951606 73.8985936873241,18.5852951144157 73.8983179113712,18.5848883113144 73.8982350310322,18.5841053881002 73.8979305835819,18.583600612084 73.8971369395622,18.5830683834124 73.8961417755875,18.5832510880481 73.8954103249976,18.5832550017277 73.8951549931538,18.5830588967742 73.8948916690155,18.5828566526125 73.8947349630481,18.5825330207824 73.8946770503058,18.582195763324 73.8943196237516,18.5819053803291 73.8938541832241,18.5815494754281 73.8934039169574,18.5814257242179 73.8929941651487,18.5809761819054 73.8907491821291,18.5806035801913 73.888604058031,18.5794964176257 73.8877788563094,18.5795070979742 73.8876583102829,18.5795224116302 73.8873663786555,18.5790207652961 73.8870427468254,18.5787107599936 73.8868110949562,18.5784791081244 73.886300098371,18.5782202023007 73.885700526658,18.5779715172718 73.8853155763528,18.5778931638386 73.8852077624093,18.5778624429525 73.8850842664976,18.57780088089 73.8849450943676,18.5775240806456 73.8850127650784,18.5772115061715 73.8846141325005,18.5765083090674 73.8846214927716,18.5753766139485 73.8847866475128,18.5747628189974 73.8838499260333,18.5733148430057 73.8827249145948,18.5731324447107 73.8817797793134,18.5729792043269 73.8780703897368,18.5725550363859 73.8771601957865,18.5743151247434 73.8766143918409,18.5752897749032 73.8765441336512,18.5758116990203 73.8748196509379,18.5758196017013 73.8748058697403,18.5768939242803 73.8726938647461,18.5769488015079 73.8712360136129,18.5749865243452 73.8710581931811,18.575281695394 73.8704026197852,18.5759525383789 73.8679576868977,18.5782485786091 73.8663093932639,18.5799871875587 73.8647144429174,18.5820922054911 73.8641158991295,18.5826221391005 73.8633341508504,18.5829394370056 73.8623011400857,18.5831252171552 73.8608678734537,18.5829898368116 73.8601762561294,18.5864832398098 73.8597583420739,18.5873396686909 73.8601497683972,18.5878547023327 73.8625570017043,18.5877081020476 73.8625110157708,18.5887013816635 73.8626351761724,18.5894555387423 73.8630306485457,18.5906833435615 73.8635407970702,18.5921450980179 73.8635857047167,18.5927935613738 73.8641807276585,18.5944214547864 73.8685902592333,18.6017519807694 73.8724530155943,18.5997792153386 73.8728760791678,18.5996274646359 73.8731703841061,18.5996274646359 73.874370597725,18.5997930109388 73.8772824667125,18.5994061783526 73.8837670975736,18.5991578404621 73.886554950051,18.5993374701483 73.8878770245052,18.6072196204892 73.888631469367,18.6097703613131 73.8890858608239,18.6108938375807 73.8897287411885,18.6112744972203 73.8909758517543,18.6136483503911 73.8912425663914,18.6149359358448 73.8919415410694,18.6171110361456 73.891849571001,18.6179939518594 73.8931832008441,18.6215729010686 73.8968585924503,18.6205245937352 73.8975721990978,18.6200825355807 73.8983552720783,18.6198488773239 73.8990625645857,18.6194762855023 73.9005655592533,18.6188700354239 73.9019422522333,18.6180364421281 73.9033189452132,18.6173165195419 73.9045061852123,18.6168176260326</coordinates></LinearRing></outerBoundaryIs></Polygon></MultiGeometry>
  </Placemark>
  <Placemark id="final_41wardboundary.8">
	<Style><LineStyle><color>ff0000ff</color></LineStyle><PolyStyle><fill>0</fill></PolyStyle></Style>
	<ExtendedData><SchemaData schemaUrl="#final_41wardboundary">
		<SimpleData name="qwr">18.00000000000</SimpleData>
	</SchemaData></ExtendedData>
      <MultiGeometry><Polygon><outerBoundaryIs><LinearRing><coordinates>73.9009397528753,18.5230258525369 73.9062521442871,18.5151741709957 73.9067563636154,18.5154572235721 73.9069483068189,18.5155124797172 73.9070995335541,18.5155851844004 73.9072248981098,18.515590184723 73.907435003641,18.5155685066436 73.9077413824409,18.5155016002116 73.9080780448512,18.5153890839183 73.9083615220054,18.5152086563312 73.9087099753401,18.514951342826 73.9090859237856,18.5147925514045 73.9095638439948,18.5148131916674 73.910095880177,18.5150070149064 73.9101145953586,18.5143032629786 73.9108300622576,18.5148031088764 73.9133151201968,18.5157461002025 73.9143579569543,18.5159679800382 73.9151567258024,18.5159014158178 73.915164022645,18.5153995752608 73.9161009140765,18.5152898675828 73.9168896236854,18.5149741638875 73.9176579813858,18.5145582706618 73.9182819116254,18.5140895118641 73.9186699324354,18.5140846311721 73.9194376181406,18.5125851879019 73.9202516897586,18.5109437130495 73.9206191673383,18.5100737812109 73.9214458767299,18.5104613286065 73.9219025155153,18.5092735353119 73.9220262399438,18.5091350554929 73.9222694331214,18.5090778370893 73.923501526889,18.5089464261053 73.9242638630363,18.5084499949314 73.9244721335548,18.5081203145388 73.9247377573316,18.5076121138619 73.9247110434251,18.5058860994277 73.9246945125267,18.5031232119223 73.9246945128733,18.5031231799789 73.9243826358652,18.5032089797277 73.9174431648778,18.5051756575233 73.9150846113287,18.5057781341405 73.9136217584374,18.5061280370793 73.9124786319833,18.5062274400445 73.9122722834392,18.5027439205955 73.9116843003903,18.5024000063552 73.9113923067097,18.5008810145473 73.9103840830592,18.4987438647377 73.9110514987277,18.4987296644425 73.911429138444,18.49738551433 73.9118507109416,18.4963093954624 73.9114097238798,18.4946147858437 73.9113750550148,18.4934533811188 73.9115702393751,18.4867025558783 73.9116162334025,18.4852738685943 73.911442720905,18.484927650291 73.9115950327845,18.4839646589419 73.9108075998909,18.4835988740888 73.9100229737814,18.4830573563121 73.9090450359724,18.4804896012768 73.9081919360996,18.4782495618356 73.9056530831488,18.4781759706405 73.9053184622175,18.4780673868943 73.9042142762515,18.4778951014633 73.9031213799243,18.4779006264251 73.902797898292,18.4779935542242 73.9017926860778,18.4778810781704 73.9018477625815,18.4775227500261 73.9018027867444,18.4773962905338 73.9015487988618,18.4773414264188 73.9000049858943,18.4772393372985 73.8984250796066,18.4769647157312 73.8964388283135,18.4768469798667 73.8947476691019,18.4773649669474 73.8933161377901,18.477701227252 73.8937343995119,18.4783152443567 73.8936614245167,18.4793826455983 73.8941260002085,18.4799144180686 73.8945249649871,18.4821759073286 73.892887535431,18.4825003980788 73.8927710343559,18.4874026951783 73.8928018352367,18.4877287956476 73.8929056277926,18.4879757189045 73.8931180440626,18.4881398667616 73.89348312025,18.488185860789 73.8948111958801,18.4882059831197 73.8949664251605,18.4884072064277 73.8950497896162,18.4886314271988 73.8951219907874,18.489012753236 73.8957425733612,18.4896749150653 73.8958047803664,18.4897606933016 73.8958231777976,18.490719206926 73.8962427573974,18.4910806048861 73.8964123596427,18.4913910634469 73.8964236911004,18.4917484081626 73.8966784420566,18.4922651280334 73.8971455679137,18.4926154733255 73.89734319843,18.492898444108 73.8971186188293,18.4934733681015 73.8968491225891,18.4939719351567 73.8964927599331,18.4939264978097 73.8962741985955,18.4940123596827 73.8962247907415,18.4941426156892 73.8962450030045,18.4950945534709 73.8959712961384,18.4961683251083 73.8965813602417,18.4967203177389 73.8981052335698,18.4978736510483 73.8983936776262,18.498195377215 73.8983271134057,18.4985947616393 73.8985268060674,18.4990052400999 73.8987902885411,18.4993470742085 73.8987556196762,18.5000231152746 73.8987729541086,18.5007164907735 73.898998300831,18.5014445351373 73.8990503041284,18.5024499295207 73.8996916763299,18.5032819804791 73.8996743418975,18.5043047092949 73.9039406825166,18.5041750477404 73.9038093293373,18.5049707103302 73.9035821237162,18.50537541964 73.9031987148489,18.5056381259987 73.902454085188,18.5065713542846 73.899514172641,18.5065269781376 73.899535029718,18.5070652592544 73.8996557322264,18.5072995650229 73.8999255387328,18.5074344678266 73.9001030424215,18.5075977721197 73.9001101425692,18.5078107765462 73.8999610394704,18.5081657848232 73.8999900075328,18.5090260412189 73.900162683661,18.5092532468402 73.9002353893519,18.5095213491311 73.9001953443398,18.5097278217816 73.9000462412412,18.5100615296162 73.9000249407986,18.5103952374503 73.9002592461589,18.5109277493436 73.9003302482444,18.5128873956633 73.899885493736,18.5136655737244 73.8995628620698,18.5142290428071 73.899272039266,18.5142926601137 73.8981996300466,18.5153559806171 73.8980678506475,18.5156286270333 73.898004233497,18.5159285385009 73.8980133217427,18.516246625857 73.898149644931,18.5164738317843 73.8982950559774,18.5166783157192 73.8983723062852,18.5169464180117 73.8983495859013,18.5182823815215 73.8983915967552,18.5186229153218 73.8987902876741,18.5187789241961 73.8993796585624,18.5187442564644 73.9004197204875,18.520148340836 73.9006103984416,18.5212404085624 73.9004370551298,18.5215870962822 73.9004370550624,18.5222978052757 73.9009397528753,18.5230258525369</coordinates></LinearRing></outerBoundaryIs></Polygon></MultiGeometry>
  </Placemark>
  <Placemark id="final_41wardboundary.9">
	<Style><LineStyle><color>ff0000ff</color></LineStyle><PolyStyle><fill>0</fill></PolyStyle></Style>
	<ExtendedData><SchemaData schemaUrl="#final_41wardboundary">
		<SimpleData name="qwr">14.00000000000</SimpleData>
	</SchemaData></ExtendedData>
      <MultiGeometry><Polygon><outerBoundaryIs><LinearRing><coordinates>73.9008395835801,18.5411547332046 73.903917491699,18.5409758463582 73.9055942281913,18.5411402640121 73.9101482817179,18.5405109679069 73.9116590959907,18.5398927343622 73.9148175051238,18.5395763555644 73.9160344533275,18.5396078866946 73.9166973867751,18.5392658970036 73.9176789626142,18.5390192696236 73.9224306475564,18.5388137466572 73.9256420933081,18.5379538706746 73.9316956107639,18.5359528710281 73.9336690911558,18.5358046132923 73.9332182160479,18.5340813908437 73.9329484104409,18.5328388614244 73.9326573034918,18.5322779488683 73.9321602913645,18.5316318336423 73.9323413455767,18.5292918849126 73.9321305597776,18.5262521260349 73.9320750896973,18.5235451883117 73.9320460774532,18.5214665751993 73.932359458538,18.5205321977928 73.9325469207355,18.5194959498125 73.932904878225,18.5159485929694 73.9325028299967,18.514514840175 73.9288760017041,18.5145831039878 73.9288524749272,18.5131161441604 73.9287882441892,18.5117382190325 73.9287844992693,18.5116148343678 73.9261671929443,18.5117465086198 73.9260453904344,18.5091749876549 73.9259149474217,18.5089223502305 73.925169226699,18.5089551584563 73.9235015232137,18.5089464270945 73.9222694330537,18.5090778372145 73.9220262399932,18.5091350556084 73.9219025155861,18.5092735355158 73.9214458767031,18.5104613287678 73.9206191673383,18.5100737812109 73.9202516897586,18.5109437130495 73.9194376181406,18.5125851879019 73.9186699324354,18.5140846311721 73.9182819116254,18.5140895118641 73.9176579813858,18.5145582706618 73.9168896236854,18.5149741638875 73.9161009140765,18.5152898675828 73.915164022645,18.5153995752608 73.9151567258024,18.5159014158178 73.9143579569543,18.5159679800382 73.9133151201968,18.5157460993031 73.9108300622576,18.5148031088764 73.9101145953586,18.5143032629786 73.9100958802098,18.5150070147823 73.9095638439948,18.5148131916674 73.9090859237856,18.5147925514045 73.9087099753401,18.514951342826 73.9083615220054,18.5152086563312 73.9080780448512,18.5153890839183 73.9077413824409,18.5155016002116 73.907435003641,18.5155685066436 73.9072248981098,18.515590184723 73.9070995347757,18.5155851851616 73.9069483068189,18.5155124797172 73.9067563636154,18.5154572235721 73.9062521442153,18.5151741711235 73.9009397528753,18.5230258525369 73.898616945116,18.5261980426056 73.8983097837584,18.5264044424896 73.8979915961352,18.5266154413496 73.8970712722215,18.5272297313671 73.8969505688138,18.5265197139137 73.8940753346092,18.5280008199819 73.8870445058993,18.531233336849 73.88680043799,18.5297134574102 73.8854411999514,18.530020095651 73.885689705869,18.5314898266729 73.8854321072708,18.5371189549541 73.8852639182489,18.5413677173597 73.8851890327479,18.5424355116896 73.8850527359951,18.5432655814415 73.8887436139267,18.5436471907652 73.8909445697362,18.5436640827313 73.892591461327,18.5434103839822 73.8945995854027,18.5427331468173 73.8978830155887,18.5418801461519 73.9008395835801,18.5411547332046</coordinates></LinearRing></outerBoundaryIs><innerBoundaryIs><LinearRing><coordinates>73.9005193332007,18.532516072259 73.9006847239209,18.531064302076 73.9007582318071,18.5305681281167 73.9009052457805,18.5302005913842 73.901144879133,18.529934493682 73.9061668993829,18.5293111528875 73.9059434367402,18.5296992706049 73.9061198549474,18.5305695976089 73.9062161489563,18.5346845373616 73.9065469321953,18.5353093494471 73.9068225851942,18.5363752052515 73.904139567587,18.5366692349974 73.9042498289666,18.5380474972942 73.9033493638822,18.5380842498884 73.903239103402,18.5377167140554 73.9032023499086,18.5371837857032 73.9025591610765,18.537000017337 73.9011625220329,18.5368530033636 73.9008501164398,18.5364487131378 73.9007031006676,18.5355298713065 73.9007031006676,18.5339494638968 73.9005193332007,18.532516072259</coordinates></LinearRing></innerBoundaryIs><innerBoundaryIs><LinearRing><coordinates>73.9095777925404,18.5290305783396 73.9096228469821,18.5197197244014 73.9145140679139,18.5196648832346 73.9154878234054,18.5197527201759 73.9157731177312,18.5196363306762 73.9173504397439,18.5196571715082 73.9173719555175,18.5280173407352 73.9095777925404,18.5290305783396</coordinates></LinearRing></innerBoundaryIs><innerBoundaryIs><LinearRing><coordinates>73.9011013767745,18.524975540962 73.9009988477204,18.5255309742589 73.9010285555212,18.5260452121283 73.9011684390561,18.526528617142 73.9013435698965,18.5271414777031 73.9014306703082,18.5280951493594 73.9016355493098,18.5284615997617 73.9016562611779,18.5287453330843 73.9016194835581,18.5288611419952 73.9013732434886,18.5289008028671 73.901109970527,18.5287943612295 73.8996550725617,18.5275689251548 73.898821879041,18.5271549186601 73.8981081114241,18.5269829019607 73.8989150310409,18.5263476453852 73.8994814052218,18.5254906718813 73.9011461702426,18.5248499077768 73.9011013767745,18.524975540962</coordinates></LinearRing></innerBoundaryIs></Polygon></MultiGeometry>
  </Placemark>
  <Placemark id="final_41wardboundary.10">
	<Style><LineStyle><color>ff0000ff</color></LineStyle><PolyStyle><fill>0</fill></PolyStyle></Style>
	<ExtendedData><SchemaData schemaUrl="#final_41wardboundary">
		<SimpleData name="qwr">15.00000000000</SimpleData>
	</SchemaData></ExtendedData>
      <MultiGeometry><Polygon><outerBoundaryIs><LinearRing><coordinates>73.957129425666,18.4947874241302 73.9578980751205,18.4978614679106 73.9584096022178,18.5011142097152 73.958643667073,18.5039678534934 73.9570421827328,18.5041431786188 73.9563586537438,18.5041317371843 73.9555618373018,18.5042347590268 73.9542498635932,18.5044116581882 73.954202868799,18.504204233499 73.9540502096953,18.5041803716154 73.9512115974139,18.5041262944474 73.9478762108679,18.5037701755013 73.9456172017678,18.5036271631156 73.9439038321149,18.5034910613505 73.9438906997775,18.5036959684727 73.9438902090661,18.5054286711962 73.9439536670282,18.5062771410772 73.9441098711737,18.506504345799 73.9443654764856,18.5067173511248 73.9447488853529,18.5070084580741 73.9449831911215,18.5072427638427 73.9450825931873,18.507555170335 73.9450612926437,18.508187085927 73.9447018537178,18.5092805028941 73.944875666053,18.5099789750665 73.944898605768,18.510044335179 73.9433825375383,18.5100430513688 73.9392227315684,18.5101083187851 73.9386514724475,18.5100246333367 73.9378909424622,18.5099903185125 73.9371544759307,18.5097629818677 73.9355697006938,18.5099217464286 73.9322531616542,18.5102756698863 73.9326005023115,18.5110910537093 73.9327425052624,18.5117016672982 73.932760894169,18.5118970398601 73.9323778606917,18.5119337434575 73.9324322252403,18.5138079996121 73.9325028299967,18.514514840175 73.932904878225,18.5159485929694 73.9325469207355,18.5194959498125 73.932359458538,18.5205321977928 73.9320460774532,18.5214665751993 73.9320750896456,18.5235451882859 73.9321305597776,18.5262521260349 73.9323413455767,18.5292918849126 73.9321602922637,18.5316318327429 73.9326573025925,18.532277947969 73.9329484104409,18.5328388623237 73.9332182160479,18.5340813908437 73.9336690911558,18.5358046132923 73.9374862141177,18.5355402836573 73.9386679691516,18.5356815806405 73.9393359181181,18.5360155546742 73.9400976951526,18.5367669508342 73.9407341120897,18.5378714199301 73.9419388627884,18.5408443106165 73.9429582560189,18.5429134114248 73.9438188820359,18.5439410235594 73.9448208050363,18.5446860444256 73.9456685860366,18.5451870063754 73.9469536174156,18.545456240913 73.9494938766412,18.5454151356 73.9520261417931,18.5455739666653 73.9535515061972,18.5454736140161 73.9544546818382,18.5456542491443 73.9556789873954,18.5462162246993 73.9571240684211,18.5465574247854 73.957946961583,18.5466377072646 73.9596128198758,18.5465172844451 73.9607172376116,18.5460586376414 73.9607168063228,18.5456934738643 73.9610159575737,18.5455616471825 73.96220031869,18.5449686383921 73.9637264740842,18.544302960291 73.9657717086175,18.5437662444497 73.9671028216983,18.5434338519834 73.9695477546254,18.5427849585591 73.9704240516937,18.5424803331018 73.970930525451,18.5419358906435 73.9717288171786,18.541278762908 73.9724122284417,18.540806802592 73.9726121891013,18.5409928930076 73.9746538974596,18.5383667844996 73.9760149934972,18.5339811838846 73.9782684643182,18.5320397319482 73.9797314031817,18.530183399944 73.9849602315295,18.5267513567898 73.9894643996623,18.5238447263532 73.9911395947167,18.5225578216862 73.9916506128856,18.5216217641332 73.9919279629052,18.5205990353172 73.9919279629052,18.5185189088206 73.9918496112707,18.5173880131464 73.9915722612509,18.5164006465728 73.9912061589371,18.513360887695 73.9911285006798,18.5117189747509 73.9911728768269,18.5107981714988 73.9914169447362,18.5101658132018 73.9918607053075,18.5096887705204 73.9927593204864,18.5088567195621 73.9970083257737,18.505972277199 73.9978403767321,18.5053621069758 73.9972759136527,18.5041257909726 73.9970345077364,18.503678479878 73.9966936997546,18.5033021711583 73.9961895874796,18.5030039640618 73.9958061786123,18.5026489557848 73.9951742636815,18.5017827359845 73.9931649174271,18.4995319829147 73.9928596101829,18.4992550771601 73.9925330024962,18.499013671244 73.9922444514204,18.4987018322238 73.9920081581501,18.498361024242 73.9919081877129,18.4979384220207 73.9915292718584,18.4965042335835 73.9919294881555,18.4944979657087 73.9919294881555,18.4941074566938 73.9917377841714,18.4938376501875 73.9914324769274,18.4937240478267 73.9896308093145,18.4929700984914 73.9890982973734,18.4918717916862 73.9894481315697,18.4913918006553 73.9895715147542,18.4906773315137 73.9896698595973,18.4894412936256 73.9893735717025,18.4888226825967 73.987980919544,18.488171387099 73.9877661509967,18.4880361031234 73.9875812853214,18.4875969337471 73.9873617686308,18.4866746879996 73.9872134469189,18.4863966779704 73.987064022307,18.4863064544523 73.9867357430323,18.4863494107271 73.9860692875237,18.4865246919014 73.9858163514447,18.4865054530816 73.9855644152071,18.4863163120513 73.9853782186519,18.4856585809075 73.985254484437,18.4852801885294 73.9850819913573,18.485033168327 73.9848724000919,18.4849748133564 73.9846381768228,18.4850250660974 73.984402637704,18.4852985146347 73.9839674110859,18.4858684966035 73.9837750710259,18.4859361423947 73.9835950641923,18.4859466226212 73.9833916044414,18.4858654062773 73.9832788916897,18.4856530443867 73.9831569848532,18.4849656102261 73.9825768211325,18.484466523508 73.9815949862346,18.4833547307487 73.9817237479411,18.4828804003266 73.9816370811879,18.4822396268621 73.9813513920635,18.4819455219135 73.9806570631727,18.4817014138718 73.9803517484204,18.4816024768421 73.9802032582053,18.4813555808733 73.9800806148992,18.4801612836503 73.9799227265549,18.4799189873493 73.9791941306038,18.4795126521604 73.9779877966035,18.4806507794218 73.9771392554375,18.4811902570374 73.976628116891,18.4814106997405 73.9764060621295,18.4814323924242 73.9758671421963,18.4812806764511 73.974232837713,18.4807510254585 73.9738314282172,18.4806744502874 73.9735314712576,18.480684271273 73.9732730548296,18.4807687178381 73.9730021663923,18.4809332213325 73.9718932496737,18.4818200164698 73.9714065724709,18.4819604534969 73.9709565996159,18.4819809018141 73.969995874103,18.4818415432375 73.9674966041643,18.4813361024954 73.9668223348018,18.4812519439108 73.9663066315306,18.4812938416141 73.965949654113,18.481434972291 73.9656014583168,18.4816745152717 73.9623942509029,18.4854997009863 73.9622493106666,18.4858501637013 73.9622378937351,18.4861899127139 73.962394900565,18.4865752960793 73.9631440142191,18.4882426854321 73.9633855873678,18.488592761834 73.9637401079453,18.4888629745329 73.9642631649958,18.4891609349423 73.9646616425429,18.489478245077 73.9659209686089,18.4909048227424 73.9660226669708,18.4911378810534 73.9660207892975,18.4914508543998 73.9658315760747,18.4917449202607 73.9653797815543,18.4920643782374 73.9647209387665,18.4925257810002 73.9612996725024,18.4925785794063 73.9590628170913,18.4929146304591 73.9588072143816,18.4930282315677 73.9568258244524,18.4931919792265 73.957129425666,18.4947874241302</coordinates></LinearRing></outerBoundaryIs></Polygon></MultiGeometry>
  </Placemark>
  <Placemark id="final_41wardboundary.11">
	<Style><LineStyle><color>ff0000ff</color></LineStyle><PolyStyle><fill>0</fill></PolyStyle></Style>
	<ExtendedData><SchemaData schemaUrl="#final_41wardboundary">
		<SimpleData name="qwr">16.00000000000</SimpleData>
	</SchemaData></ExtendedData>
      <MultiGeometry><Polygon><outerBoundaryIs><LinearRing><coordinates>73.9584096022178,18.5011142097152 73.9578980751205,18.4978614679106 73.957129425442,18.4947874239101 73.9568258240992,18.4931919793166 73.9533312114216,18.4935358921722 73.9513453839762,18.4935802684218 73.9499697267319,18.4936801146471 73.949082205329,18.491161775206 73.9480686192192,18.4881380269059 73.9478281788138,18.4871640788015 73.9458614191727,18.4846114486114 73.9452281051979,18.4837580448939 73.9450214913327,18.4827923521593 73.9442629736968,18.4801108697294 73.9442120626586,18.4799186631374 73.9359728544236,18.4859076527101 73.9318409031534,18.4888554453583 73.928692110269,18.4919279555612 73.928051898106,18.4925778874972 73.9273331264853,18.4933075623612 73.9275456882171,18.4934826209095 73.9277566934495,18.4937977840485 73.9278348979787,18.4947189537143 73.9282489066863,18.4953888251823 73.9283817006377,18.4960187402878 73.9282158092266,18.4968311094752 73.928099789205,18.4973828883413 73.9281361799302,18.4978416162141 73.9280718890327,18.4980804340415 73.9278930036772,18.4982789387457 73.9275237824354,18.4986886524563 73.9274028933311,18.4990588112934 73.9274405294609,18.499320375292 73.9278337239894,18.5001282146775 73.9278662812287,18.500818231698 73.927949731737,18.5008194165111 73.929671829054,18.500645019452 73.9296926899428,18.5016364529764 73.9314533614972,18.5015034031621 73.9332885831767,18.5014058598281 73.9374311654088,18.5008575480527 73.9540359305468,18.4985856165295 73.9543633820518,18.5003316617353 73.9546691692237,18.5011622873182 73.9551175908075,18.5018997839507 73.9560262352937,18.5032475343297 73.9566478240862,18.5041365778415 73.9570421827328,18.5041431786188 73.958643667073,18.5039678534934 73.9584096022178,18.5011142097152</coordinates></LinearRing></outerBoundaryIs></Polygon></MultiGeometry>
  </Placemark>
  <Placemark id="final_41wardboundary.12">
	<Style><LineStyle><color>ff0000ff</color></LineStyle><PolyStyle><fill>0</fill></PolyStyle></Style>
	<ExtendedData><SchemaData schemaUrl="#final_41wardboundary">
		<SimpleData name="qwr">41.00000000000</SimpleData>
	</SchemaData></ExtendedData>
      <MultiGeometry><Polygon><outerBoundaryIs><LinearRing><coordinates>73.9318409031534,18.4888554453583 73.9359728543571,18.4859076530705 73.9437214372743,18.4802753152765 73.9437213850867,18.480275331252 73.9442120626125,18.479918662777 73.9432020066263,18.4756192097544 73.9418476143322,18.4718213032792 73.941102441377,18.4689542776522 73.9405266049741,18.4673796755843 73.9402461770763,18.4668630437674 73.9396358320918,18.4664405946299 73.939143019211,18.4662457790653 73.9381462611105,18.4661790878162 73.938334499793,18.4642993942842 73.9388493659931,18.4619288337674 73.9388187255181,18.4599371526064 73.9385300550965,18.458066790231 73.9368285885066,18.4581527409986 73.9357281883998,18.4581192859739 73.9356439359626,18.458124669895 73.9356991475307,18.4562855593506 73.9347175756021,18.455961580831 73.9362201753967,18.4506465181585 73.9367943630468,18.4465292179916 73.9394559173296,18.4465790354114 73.940759986912,18.4463352486403 73.9418191616649,18.4464082048293 73.942790662555,18.4464583190291 73.9429623658108,18.4464551450037 73.9434873993048,18.4464454386828 73.9439850050395,18.4464084284235 73.9445253019551,18.4462827078472 73.9449497598932,18.4461062793276 73.9448074605284,18.4450200284073 73.944912126734,18.4443571356967 73.9446869204726,18.4437884372132 73.9446758364065,18.4437197098215 73.9450791977062,18.4436607173859 73.9452148284894,18.4434994436498 73.9453059110379,18.4429635829667 73.945296896678,18.4425221473014 73.9451298162845,18.4423884669405 73.9450822243779,18.4422058377106 73.9451694197869,18.4420382606503 73.9452825789194,18.4419137372969 73.9452925870806,18.4413097089503 73.9462845525353,18.4408794208367 73.9462740709698,18.4406782253575 73.9470528177309,18.4398119979364 73.9476029631581,18.4387524405237 73.9476057521028,18.4382943081528 73.9479361833845,18.4378659283692 73.9479961827105,18.4376260122966 73.9479039159854,18.4373964273308 73.9474829209627,18.4373158724477 73.9473897026367,18.4372427223922 73.9473916075055,18.4369298521404 73.9475451662933,18.4367072168892 73.9478976143739,18.436508032591 73.9481053164655,18.4360454491456 73.9489578336483,18.4357837754711 73.9493677725515,18.4354099167367 73.9499071956124,18.4352676355142 73.950161483429,18.4348444166308 73.9520830244266,18.4340666104534 73.953087123707,18.433458325221 73.9559670989441,18.4346063548976 73.9597405853911,18.4350979460171 73.9610388024403,18.4352010857448 73.9616888810515,18.4350911531459 73.9620823352184,18.4350671147798 73.9621568168035,18.434849273101 73.9613923451224,18.4342078027028 73.9594048418245,18.4331318601207 73.9581609456492,18.4316060211624 73.9585496267195,18.4258223594179 73.9579363423049,18.4230368367756 73.955885562023,18.4220702079673 73.9546028988689,18.4195041766753 73.954458625863,18.4191629133059 73.9525598140452,18.4140454147997 73.9521816584598,18.4130606617338 73.9486683802014,18.4137110401576 73.9484092205287,18.4139777904888 73.9441949777155,18.4119912251847 73.942190480795,18.4122594351888 73.9416871767246,18.4123090129223 73.9398085643836,18.4116470454559 73.9389321580657,18.4111985695653 73.9385820519144,18.4109448506034 73.9371477649276,18.4113564396735 73.9360283290888,18.4116259163432 73.9353627806935,18.4116102000875 73.9347726598962,18.4115829149813 73.9348540819857,18.4126383816409 73.9342640316535,18.4125991067239 73.9332055318477,18.4131686268867 73.9326131891086,18.4135009854169 73.9317837003964,18.413592233242 73.9308561091435,18.4132992865087 73.929126302919,18.4127500518745 73.9277842012012,18.4124667423995 73.9265537969648,18.4123998512816 73.9262133677891,18.4126137252408 73.9250227247031,18.4122113652153 73.9239058762542,18.4120611785725 73.9228095689637,18.4106283100678 73.9215830639284,18.4099379973068 73.9205518760959,18.4083893452322 73.9191257562095,18.407238565764 73.9190030892607,18.4067703084291 73.9176834742485,18.4069186515196 73.9145440027845,18.4068767706326 73.9135151853881,18.406715039128 73.9110750006977,18.4073124963917 73.9099366617611,18.4085887596264 73.9043977256753,18.4086528173057 73.9038300099533,18.4090571584508 73.9028610992149,18.4093512829494 73.9032787861846,18.4105851685044 73.9036446279129,18.4112010987893 73.9038445965289,18.4113557074663 73.9043500249802,18.4130822260765 73.9038145083825,18.4131626167233 73.9020197285176,18.4172589299579 73.9018651607856,18.4238038311566 73.9021308696217,18.4255557080443 73.9021516732863,18.4260775729716 73.9021570332194,18.4264996037835 73.9019268268026,18.4279402646861 73.9014407891763,18.4312942682859 73.9013428147055,18.4319271795248 73.9013702412205,18.4326715924803 73.9015903019338,18.4334631558985 73.90196173558,18.4344704306919 73.901979614881,18.4354526411159 73.9012757521576,18.4362569648933 73.9014781434457,18.4367933851242 73.9014579690651,18.4384755495561 73.9003603591665,18.441202594862 73.8997278022661,18.4419076943924 73.8993789495919,18.4424043967902 73.8992080766132,18.4427256597904 73.8988249851437,18.4436273768541 73.8980538667581,18.4443901703953 73.8979904705105,18.4489064096637 73.8979613387859,18.4510193226914 73.8982386335467,18.4528431992903 73.8985801945728,18.4544396645109 73.8983766047819,18.4548460943475 73.8990180539074,18.4566960614659 73.8992079655357,18.4584355082594 73.8992795940154,18.4590233646196 73.8991109348499,18.4598615856416 73.8997512287441,18.4599252458531 73.9004908758899,18.4601693083668 73.9012061632287,18.460293341096 73.9017839529194,18.4603086772257 73.9021124787313,18.460010865835 73.9026793819081,18.4597623868984 73.9034470503599,18.4595510342114 73.9044115303492,18.458891482287 73.9044939726597,18.458569705398 73.9058870948139,18.4582248051508 73.9083264022384,18.4577247938768 73.9084146339693,18.4594366226546 73.9079801761979,18.4597876798986 73.9076485946364,18.4601442385585 73.9075184029292,18.4603890151018 73.9073501512579,18.4608035993279 73.9059727670335,18.4624683044187 73.9043039566805,18.4633757072812 73.9039435760167,18.463403087689 73.9033922776575,18.4635128411352 73.9030975421651,18.4637370196457 73.9029715819281,18.4641242227344 73.9029160369784,18.4647671799248 73.9027961802691,18.4651046981861 73.9040883010315,18.4667464579153 73.9046531646495,18.4676934644117 73.9053803644611,18.4696685902391 73.9063194995751,18.4721436619942 73.9065169645763,18.4730214069531 73.9069886552646,18.4750285132199 73.9071494537969,18.475696839362 73.9077651543357,18.4771289229258 73.9100229737814,18.4830573563121 73.9108075998909,18.4835988740888 73.9115950327845,18.4839646589419 73.911442720905,18.484927650291 73.9116162334025,18.4852738685943 73.911493476112,18.4893576860269 73.9139002172522,18.4893309649664 73.9163010117331,18.4891888699623 73.9178411181302,18.489245154104 73.9282491460126,18.4885165448439 73.9285808917793,18.4886661315451 73.9287107559213,18.4889699669816 73.9286447134838,18.4892321877655 73.9282751686056,18.4897465546396 73.9282734859073,18.4900171706371 73.9307984825958,18.4898726314304 73.9311425314814,18.4895369134198 73.9318409031534,18.4888554453583</coordinates></LinearRing></outerBoundaryIs></Polygon></MultiGeometry>
  </Placemark>
  <Placemark id="final_41wardboundary.13">
	<Style><LineStyle><color>ff0000ff</color></LineStyle><PolyStyle><fill>0</fill></PolyStyle></Style>
	<ExtendedData><SchemaData schemaUrl="#final_41wardboundary">
		<SimpleData name="qwr">19.00000000000</SimpleData>
	</SchemaData></ExtendedData>
      <MultiGeometry><Polygon><outerBoundaryIs><LinearRing><coordinates>73.8808907485484,18.4773995654782 73.8836027062446,18.4768627783286 73.8857791459703,18.4766717339083 73.8860226716551,18.4767702413496 73.8867350984578,18.4767258916426 73.8867334810041,18.4777645847773 73.8870030675701,18.4777661688971 73.8869834910118,18.4782401795354 73.8869626864447,18.478743902284 73.8871732054872,18.4787401426642 73.8878963890799,18.4776219021281 73.8879787638292,18.4776106694653 73.8900311305868,18.4772728002788 73.8904988679301,18.4780846968262 73.891158975598,18.4807352188412 73.891214098104,18.4822887439456 73.8909603593979,18.4826865188301 73.8922811692123,18.4826441294549 73.892887535431,18.4825003980788 73.8945249649871,18.4821759073286 73.8941260002085,18.4799144180686 73.8936614245167,18.4793826455983 73.8937343995119,18.4783152443567 73.8933161377901,18.477701227252 73.8947476691019,18.4773649669474 73.8964388283135,18.4768469798667 73.8984250796066,18.4769647157312 73.9000049858943,18.4772393372985 73.9015487988618,18.4773414264188 73.9018027867444,18.4773962905338 73.9018477625815,18.4775227500261 73.9017926860778,18.4778810781704 73.902797898292,18.4779935542242 73.9031213799243,18.4779006264251 73.9042142762515,18.4778951014633 73.9053184622175,18.4780673868943 73.9056530831488,18.4781759706405 73.9081919360996,18.4782495618356 73.9077651545032,18.4771289228696 73.9074503221968,18.4763966444154 73.9071494539163,18.4756968392307 73.9069886549814,18.4750285135021 73.9065169645763,18.4730214069531 73.9063194995751,18.4721436619942 73.9053803644611,18.4696685902391 73.9046531646495,18.4676934644117 73.9040883010315,18.4667464579153 73.9027961802691,18.4651046981861 73.9022539108917,18.4659107940681 73.8997667387155,18.4649695423798 73.8985757164703,18.4649713154782 73.8947222499855,18.4646576582426 73.8940794085294,18.4647618178359 73.8930658263695,18.4647219218168 73.8923721121907,18.4646946131226 73.8906110559868,18.4646874206094 73.8895747198484,18.46461617849 73.8880285404849,18.4648025972621 73.8872313355752,18.4647005861946 73.8872109323053,18.46333140748 73.8867922318094,18.4629421650949 73.8866522173379,18.4624711348143 73.8860203211012,18.4618682866555 73.8858761044027,18.4616547838126 73.8858727540182,18.4613365395128 73.8852217387932,18.4612341204766 73.8845608665838,18.4614274171152 73.8845910466467,18.462906473927 73.8844791999676,18.4629968237226 73.8844614222247,18.4644887431086 73.8842710117706,18.4644860395985 73.8842232132854,18.4655668977537 73.8833316229333,18.4657946271451 73.8827390800414,18.4661842892359 73.8824752580323,18.4660808049174 73.8815899453736,18.4661241205849 73.8815576940168,18.4661952198982 73.8816553078691,18.4670755379256 73.8764884782116,18.4668892223887 73.8762396083713,18.467864799621 73.8750059543615,18.4712744820319 73.8748537764807,18.4721803952091 73.8762731908552,18.4718865111537 73.8781812419709,18.4718097504198 73.8786418063744,18.4718536139532 73.879639695016,18.4718974765874 73.8796373262018,18.4730006731427 73.8798978391141,18.4735845795647 73.8799292803121,18.4740741641914 73.8796238516595,18.4746176469869 73.879551392383,18.4750254382735 73.8797164557499,18.4755929545512 73.8808907485484,18.4773995654782</coordinates></LinearRing></outerBoundaryIs></Polygon></MultiGeometry>
  </Placemark>
  <Placemark id="final_41wardboundary.14">
	<Style><LineStyle><color>ff0000ff</color></LineStyle><PolyStyle><fill>0</fill></PolyStyle></Style>
	<ExtendedData><SchemaData schemaUrl="#final_41wardboundary">
		<SimpleData name="qwr">21.00000000000</SimpleData>
	</SchemaData></ExtendedData>
      <MultiGeometry><Polygon><outerBoundaryIs><LinearRing><coordinates>73.8693375347999,18.5000563631534 73.8691880942185,18.4929726971743 73.8736410880759,18.4940413064438 73.8743143648164,18.4945340074606 73.8749984526976,18.4948515773059 73.8756522283093,18.4953718204142 73.8762940593044,18.4962423760708 73.8770427778294,18.4974001326295 73.8774684644981,18.4970749784276 73.8772491486293,18.4966582775575 73.8770298318614,18.4957810131833 73.8770517636282,18.4949037479097 73.8772710794968,18.4935110901647 73.8775342588991,18.4913179278802 73.8773452088144,18.4886659566687 73.8785803979671,18.4884554127872 73.8790295571685,18.4887501736816 73.8797243508982,18.4892835507953 73.8802436922927,18.4895362027336 73.8808402323909,18.4897116559683 73.8816122248244,18.4898590368651 73.8828684680055,18.489901144922 73.8833527187531,18.490245033082 73.8836474796476,18.4898028912905 73.8840124218358,18.4896555112929 73.8844865830894,18.489585329999 73.8885882353588,18.4899993985534 73.8892339027225,18.4872412785622 73.88961288063,18.4861464519973 73.8896805357282,18.4847282301238 73.8902015606537,18.4839422010719 73.8902105439815,18.4832190535165 73.8904739157513,18.4829729461316 73.890960359187,18.4826865186863 73.8912140982953,18.4822887439124 73.8911589758742,18.4807352190613 73.8904988681581,18.4780846969421 73.8900311304941,18.4772728005627 73.8879787636178,18.4776106692843 73.8878963890861,18.4776219018098 73.8871732070817,18.4787401428148 73.8869626865766,18.4787439021865 73.88700306779,18.4777661692673 73.8867334806641,18.4777645851441 73.886735098039,18.4767258915228 73.8860226720633,18.476770241114 73.8857791462272,18.4766717339136 73.8836027065813,18.4768627780072 73.8808907506921,18.4773995663998 73.8797164557499,18.4755929554506 73.879551392383,18.4750254382735 73.8796238516595,18.4746176469869 73.8799292803121,18.4740741641914 73.8798978391141,18.4735845804641 73.8796373262018,18.4730006722433 73.879639695016,18.4718974765874 73.8786418063744,18.4718536139532 73.8781812419709,18.4718097504198 73.8777177868823,18.4718283939719 73.8774081941803,18.4732830991356 73.8772929293682,18.4741007234758 73.8769831840922,18.4743926387722 73.876874056634,18.4776442365138 73.8766882564113,18.4794996415058 73.8778839219685,18.4795873004833 73.8780941618159,18.4810715694547 73.8779983566141,18.4822774787067 73.8773496081474,18.4822841260044 73.8771962995595,18.4821887972002 73.8764518131719,18.481701791461 73.8751312042361,18.4812559488294 73.8738441790219,18.4810352007894 73.8721500436999,18.4808894411506 73.8705989910145,18.4804411218096 73.8683097279946,18.4807051837695 73.8683155532157,18.4829085035754 73.8682037115549,18.483062683835 73.8681666351468,18.4836608470592 73.8669961464139,18.4837126240345 73.8670035083189,18.4827805097234 73.8653562902571,18.4826872931935 73.8651547590229,18.48247401014 73.8640058751836,18.4823103717966 73.8624598928459,18.4822826512438 73.8624646198816,18.4844956381556 73.8625958197746,18.4852916159504 73.8628414491859,18.4855586459826 73.8631914362023,18.4881242980391 73.8631024409806,18.4888885021243 73.8632436846999,18.4894518100425 73.8574274316155,18.4893565926791 73.8574202312514,18.4896943370177 73.857493436335,18.4903531791575 73.8578803753009,18.4960003981449 73.8578594602152,18.4964605410859 73.8583993187862,18.5005467390779 73.8604056938137,18.5004129389166 73.8619295842905,18.500021642281 73.8636648269071,18.4999696172714 73.8646090099015,18.5000149161007 73.8652114963986,18.5000924530853 73.8665205890551,18.50046964948 73.8679739043859,18.5011907601587 73.8691942445986,18.5015235799368 73.8693375347999,18.5000563631534</coordinates></LinearRing></outerBoundaryIs></Polygon></MultiGeometry>
  </Placemark>
  <Placemark id="final_41wardboundary.15">
	<Style><LineStyle><color>ff0000ff</color></LineStyle><PolyStyle><fill>0</fill></PolyStyle></Style>
	<ExtendedData><SchemaData schemaUrl="#final_41wardboundary">
		<SimpleData name="qwr">33.00000000000</SimpleData>
	</SchemaData></ExtendedData>
      <MultiGeometry><Polygon><outerBoundaryIs><LinearRing><coordinates>73.7740768649375,18.488833042432 73.7752723219062,18.488625053894 73.7756472117223,18.4878655191956 73.7758093413373,18.4868544121001 73.7765809707185,18.4861506629389 73.7770417384337,18.485716933923 73.7772642276377,18.4850669519007 73.7772615037243,18.4837704645853 73.7773956697183,18.4833391741739 73.7780263817391,18.4817965792843 73.7781075895085,18.4813192016784 73.7780459431694,18.4810626028924 73.7777562453575,18.4806088889318 73.7785301145306,18.4805447544421 73.7822243974991,18.4800544746424 73.7827192679785,18.4802303766267 73.7836311839357,18.4802106463338 73.7841954419673,18.4800543429866 73.7846508130773,18.4801276330694 73.7849720158843,18.4802128553996 73.7854412460651,18.480222261856 73.7860257944628,18.4800404942648 73.7865642701302,18.4797368852455 73.7869274061787,18.4795792849768 73.792258204513,18.4790237944695 73.7925502455612,18.478984715215 73.7928002414675,18.4788225433288 73.7930250085003,18.4785865161555 73.7931377587736,18.4783011564424 73.7931733366717,18.4780071169487 73.7947583128322,18.4766482311002 73.7950292808297,18.4762469377166 73.7955507554177,18.47572441233 73.7942621152604,18.4747049629154 73.7932908470191,18.4737744137423 73.7904467856587,18.4714476415936 73.7882637404959,18.4703805918505 73.7868747753791,18.4694036698963 73.7865836654959,18.4695837672984 73.7863239339915,18.469640332015 73.7859509217188,18.4695360445378 73.7854722566333,18.4692709531442 73.7851362034718,18.4693343051246 73.784837003144,18.4695798539248 73.7846360320774,18.4699570442878 73.784543020061,18.4701675227961 73.7842601999952,18.4702530504911 73.7838107117823,18.4701773812219 73.7835681315187,18.4699647491632 73.7834179493034,18.4696289760666 73.7835191201774,18.4682612773039 73.783553476342,18.4677156137234 73.7835856762587,18.4673891641148 73.7833628772068,18.4671408488314 73.7830326584503,18.4668965019294 73.7826776064556,18.4667125516814 73.7824683356108,18.4666227015657 73.7822843265524,18.4664118992675 73.7821734384407,18.4662155426019 73.7821167689851,18.4659450025635 73.7820407560128,18.4637464218775 73.7823463436327,18.4636756011035 73.7825764843058,18.4634878393031 73.7827387005742,18.4631977429412 73.7830063761899,18.46201307389 73.7831312738666,18.4619652092587 73.7834986579341,18.4621434612329 73.7839341391335,18.4624115869918 73.7842018531453,18.4625474601705 73.7856604955973,18.462788023162 73.7862604054679,18.4627759654362 73.7903287503003,18.4623673692367 73.7907796741694,18.4622165456406 73.7911800582167,18.4621448989202 73.7915468235575,18.4621154375938 73.7921351796674,18.4621668869751 73.7935496635091,18.4624196953255 73.794416536469,18.4627514938044 73.7958001671999,18.4634476355174 73.7980455279662,18.4650187709873 73.7986756624697,18.4655030811736 73.7995309919085,18.466335091689 73.7996585227301,18.4664202422545 73.800045849299,18.466138331807 73.8001185349074,18.466004911519 73.7998739910973,18.4658201127271 73.7998886827727,18.4651310882304 73.8001184636702,18.4647758369004 73.7995913908491,18.4635722318984 73.7999615731845,18.4632748101182 73.8003847860779,18.4625694994173 73.8008444223522,18.4623012626247 73.8009826959625,18.4621220126463 73.8010148137719,18.4619607372957 73.8009569703849,18.4617786647385 73.8008414223718,18.4616423613648 73.8009539055502,18.4614017538149 73.8009387791238,18.4611250902407 73.8008042659655,18.4608558058552 73.8006693011674,18.4606515933297 73.8006589314849,18.4604571506588 73.8012201241584,18.4590699718852 73.801692820497,18.4571925299613 73.7999226424347,18.4566329354056 73.7993040278128,18.4567527538914 73.7984285402102,18.4565215747065 73.7978871035629,18.4565108648395 73.7974755717095,18.4564645841854 73.7970950830587,18.4563416206552 73.7972702146845,18.4552439894527 73.7962105130811,18.454613061709 73.7960005025884,18.4546303619258 73.7957028615597,18.4546144968267 73.7954743337586,18.4544872730262 73.7953454012618,18.4543289297557 73.7948030270606,18.4517893861143 73.7958536341844,18.4515117433144 73.7961349185985,18.450478618574 73.7961984610746,18.4499103895967 73.7999116157882,18.4506049065311 73.8014727083441,18.450603405019 73.8024112334801,18.4493014768075 73.8031575123874,18.4482257830807 73.8040764605652,18.4471316146767 73.8044576695107,18.447148574671 73.8050821602338,18.4472762435191 73.8057592312948,18.4475206983399 73.8067735671916,18.4475198033301 73.8070879498297,18.4472743112794 73.8074017296978,18.447116156726 73.8078898062158,18.447119224528 73.8102644257213,18.4473012204356 73.80983147703,18.4460160888107 73.8096562804771,18.4456442782354 73.8094454835958,18.4456618050274 73.8093343465805,18.4455480084641 73.8093837669084,18.4453028796229 73.8099006575459,18.4449330546372 73.8108146440131,18.4436624994565 73.8112951753654,18.4425953935002 73.8125864194898,18.4423703111462 73.8128617558586,18.4420652339503 73.8133626291728,18.4416848673117 73.8136405952438,18.4409963055255 73.8147582005507,18.4397454098591 73.8176193237144,18.4373702153462 73.8186490401053,18.4348608634239 73.8197033820529,18.4329775306621 73.8197299835527,18.4320941094962 73.8217039763584,18.4276086698395 73.8231306113875,18.4251348826008 73.8223971545207,18.4240896662454 73.8221551875129,18.4233714774248 73.8218584642711,18.4216319150937 73.8201486589284,18.4200056865175 73.8197126053065,18.4179627497978 73.8204533202187,18.4153902200278 73.8217743873926,18.4149075345931 73.8217503990728,18.4113484886791 73.8214949763434,18.4040143449617 73.8216498506408,18.4026046028225 73.822813647432,18.3982564153015 73.8244918848927,18.3952600487123 73.8235833618828,18.3920085480561 73.8207209493125,18.3891881545098 73.8169874902806,18.3893443064946 73.8120332042691,18.3882796314999 73.8048212853741,18.3855620367586 73.8027571227431,18.3859574254948 73.8016349154191,18.3857888044099 73.7999021817404,18.3864632914479 73.798871554179,18.388029220672 73.7958098338569,18.3927626214978 73.7947559480287,18.3936257179525 73.7947832037819,18.395242887849 73.7934643911688,18.4007496336888 73.7925283641927,18.403823881567 73.7878875188939,18.4068719735628 73.7867882065106,18.4074897691377 73.7856707242246,18.4083346947903 73.7849257357342,18.4090070018718 73.7843424642334,18.4098319400921 73.7839877770144,18.4100470777106 73.7834702828274,18.410052892727 73.7820573489676,18.4098900848597 73.7815747421806,18.4096400598409 73.7812570090038,18.4097718635807 73.7788386357946,18.4105060638038 73.7783116933301,18.4104788080506 73.7779846251905,18.4107513646838 73.7780754774016,18.4113873301613 73.7784570561483,18.4119142735249 73.7796199649895,18.4116871425476 73.7806793025078,18.4115588587544 73.7811037636279,18.4115995611709 73.7814351925801,18.4116577059385 73.7815224106309,18.4118321429392 73.7804564891758,18.4128289883673 73.7803076369881,18.4132532174621 73.7796501282511,18.4138265307699 73.7785686233434,18.4150185119949 73.7785046635594,18.4159488390677 73.7783418556922,18.4161232751692 73.7778534338889,18.4161930499694 73.7774173436356,18.4161872358524 73.7770397614759,18.4160117088734 73.7758677676834,18.4165749929417 73.7730604340919,18.4179105203543 73.7690720208572,18.4189553212312 73.7674744750671,18.4195189686255 73.764956778033,18.4194898962418 73.7647823410323,18.4196468881935 73.7645788325472,18.4201934556635 73.7636753979014,18.4206270026341 73.7634755226774,18.4213447353713 73.7628032164953,18.4227256893392 73.7625262990496,18.4234903019359 73.7624855966332,18.424106643307 73.7619037793361,18.4249061424046 73.7620763988068,18.4256602167457 73.7615585403944,18.4265233123011 73.7615221996898,18.4273409830999 73.759114854097,18.4325906645601 73.7586566529823,18.4325214773843 73.7575932244479,18.4324005590386 73.7521192130313,18.432269836284 73.7505832222381,18.4316489038738 73.7494067183454,18.434835268433 73.7489622607998,18.4355437849178 73.7476341186197,18.4367464339009 73.7459608687991,18.437332071518 73.7436496920798,18.4398105725001 73.7422588033012,18.4409609322014 73.7412966842947,18.441473365004 73.7408679145228,18.4416093164169 73.7401986147744,18.4420067133392 73.7393306161151,18.4428015071838 73.7389541347256,18.4433453128361 73.7379083535878,18.4442446852441 73.7373750052524,18.4448930694597 73.7369357772644,18.4455519118914 73.7369671501141,18.4460538864777 73.7382116301627,18.4477794255801 73.738609027085,18.4490657366944 73.7395920616245,18.4503311313767 73.7397803023192,18.4510945523718 73.7402509031567,18.4513559969818 73.740679673828,18.4521612490425 73.7413594317924,18.4532174874971 73.7416627083674,18.4533952708751 73.7428548991343,18.4551208099775 73.7429803923313,18.4556646156296 73.7435660299485,18.4561875066482 73.7439111375891,18.4566790239178 73.7438588483074,18.4569927578096 73.7435869454812,18.457233287786 73.7430117660803,18.458279068924 73.7429281030496,18.4587496706609 73.7423842973976,18.4589169958228 73.7421855984867,18.4590634045526 73.7421855984867,18.4594503441581 73.7421960567027,18.459743162517 73.7415999608696,18.4601301021225 73.7417882015644,18.460349715667 73.7419659849423,18.4606111611762 73.7415999608696,18.46120725611 73.7412339376962,18.4617196889125 73.7410143241519,18.4620334237036 73.7401254099597,18.4621484595838 73.7396769783101,18.4627604509342 73.7392084683962,18.4632691182753 73.7382982204866,18.4639049533509 73.7375084466577,18.4642462964295 73.7367119800739,18.4645876395081 73.7361564607522,18.4647415782612 73.735754881083,18.4647148063434 73.7354938537584,18.4649356753412 73.7354001515958,18.465323869501 73.7353934588411,18.465658519825 73.7352194409247,18.4660734859027 73.7348914842547,18.4665687677346 73.7346505360935,18.466910110813 73.7344497462589,18.4672046028102 73.7343761232595,18.4675392522348 73.7343560440963,18.468108157066 73.7343627368509,18.4685097376344 73.7340548593443,18.468817615141 73.7336934371025,18.4694869157886 73.7334257170233,18.4703570053716 73.7334190242687,18.4706916556954 73.7333186293514,18.4709861476926 73.7329906717823,18.4714881222791 73.7322946001158,18.4722845897622 73.7321205821993,18.4727263277579 73.7321339677085,18.4730007405918 73.7324552316237,18.4731011355091 73.7324598334546,18.4744991361262 73.7327526518135,18.4764233732403 73.7334428679941,18.4779815871807 73.7337670601019,18.4789855372529 73.735199779946,18.4795502593371 73.7366847899712,18.4797594155646 73.7370704075734,18.4795300111011 73.7372599693722,18.4796757525339 73.737249511156,18.4812235091576 73.7371763063416,18.4823006640445 73.7370194393958,18.4827503493493 73.7369227047192,18.4848366829667 73.7368573437915,18.4855883381314 73.7371678095468,18.4863073128324 73.7371351290831,18.4873204135063 73.7377724021747,18.4878759849888 73.7388835442403,18.4882027914258 73.7403214936422,18.4883661946442 73.7428215648635,18.4886439799359 73.7431973924459,18.4875655183341 73.7443018417566,18.485704053899 73.7447034214258,18.4855367287371 73.7447034214258,18.4851619209859 73.744623105672,18.4847938059895 73.7447098470819,18.4845448259831 73.7452110185738,18.4844934243321 73.7455365659598,18.4843435010518 73.7461405425521,18.4843135167555 73.7466931165941,18.4845533938241 73.7473935895425,18.4848000805593 73.7478328175306,18.4851974774818 73.7481674669552,18.4856785365354 73.7484184551477,18.4862537168357 73.7485544065607,18.4865256196617 73.7491714170274,18.486787065171 73.7495478984169,18.4869543903329 73.7497858176615,18.4871620572832 73.7501027981058,18.4879587918648 73.7502741396398,18.4884642468277 73.7504026446664,18.488836913293 73.7507110581689,18.4891324763827 73.7511693949517,18.4891838780337 73.7518333401367,18.4891153424991 73.7525658226547,18.4889440009649 73.7529984577127,18.4887555264464 73.7532940208026,18.4883871434521 73.7542744113351,18.4883611746286 73.7547897723302,18.4883076307927 73.7552515894893,18.4880532971221 73.7556665555671,18.4876182518809 73.7558742773762,18.4872631608663 73.756101599909,18.4871631283758 73.7565366451501,18.4871631283758 73.7567976724746,18.4870158823772 73.7575481252459,18.4862955479013 73.759294160797,18.4854229483105 73.7598965312,18.485275702312 73.7602111023606,18.4850749115781 73.7603315764413,18.4846599463996 73.7602646461966,18.4843855326662 73.7601642512792,18.4841245062411 73.7602378742786,18.4837496984898 73.760826858273,18.4837296193266 73.7613489120228,18.483689461 73.761750491692,18.4837697767538 73.7620650628524,18.4838634789165 73.7624264850944,18.4837630839992 73.7633286804743,18.4832353303464 73.7642437388575,18.4831372889548 73.7650770956315,18.4831863092008 73.7656490077955,18.4832843514917 73.7663189613511,18.483725540901 73.7670706165159,18.4841830700928 73.767805930999,18.4844935358481 73.7683615024815,18.4846569390666 73.7690844072197,18.4848665431565 73.7705304424261,18.4859490499089 73.7713544399555,18.4865145391147 73.7726550637803,18.4879767306417 73.7740768649375,18.488833042432</coordinates></LinearRing></outerBoundaryIs></Polygon></MultiGeometry>
  </Placemark>
  <Placemark id="final_41wardboundary.16">
	<Style><LineStyle><color>ff0000ff</color></LineStyle><PolyStyle><fill>0</fill></PolyStyle></Style>
	<ExtendedData><SchemaData schemaUrl="#final_41wardboundary">
		<SimpleData name="qwr">8.00000000000</SimpleData>
	</SchemaData></ExtendedData>
      <MultiGeometry><Polygon><outerBoundaryIs><LinearRing><coordinates>73.8342563881969,18.5463541843351 73.831693359645,18.5451299268446 73.8313063716352,18.5448084286014 73.8299492429566,18.5435757112297 73.829787882737,18.5432906373976 73.8287979061515,18.5421334678392 73.8265132288277,18.5425490609133 73.825769979068,18.5427802506139 73.8254877628075,18.5430771870879 73.8249441588756,18.5437422691884 73.8242392935571,18.5442282441321 73.8224136882782,18.5454232832767 73.8223859984003,18.5458799085043 73.8211464039357,18.5475705229779 73.8208842812045,18.548259938404 73.8190130823198,18.5506470128373 73.8185641374689,18.5507866303512 73.8184514816949,18.5511682294517 73.8182149357352,18.5512791909766 73.8177030292969,18.5518592804132 73.8164417420429,18.5534545567447 73.8164503003122,18.549428359021 73.8163830812081,18.5473767457011 73.8166998050835,18.5438480724424 73.8172744867335,18.5400539648779 73.8154411437939,18.5399118782308 73.8115536138083,18.5395822623117 73.8060955599347,18.5382831870581 73.80469938857,18.5395495225907 73.804646382414,18.5441230669664 73.8043418073779,18.5458189936091 73.8048591764582,18.5511999706691 73.8044170206586,18.5552023452497 73.8046967659879,18.5553940089478 73.8044032534717,18.5571793633145 73.803882199747,18.5580026479074 73.8035504684602,18.5585478788119 73.8031306040338,18.5599749869541 73.8027963732494,18.560877642775 73.8005989864072,18.5604387791366 73.799933401145,18.5602200829751 73.7990411575807,18.560257299523 73.7988990541534,18.5602981447229 73.7987557525543,18.5602103021948 73.7983613415692,18.5603587750326 73.7980841717598,18.5602060260034 73.7979126658282,18.560035648949 73.7977452832949,18.5599613787556 73.7975773881481,18.5599603090451 73.7974614908787,18.5600693768251 73.7974222180061,18.5601972335855 73.7972974834844,18.5604446002594 73.7971369158761,18.5605753445359 73.7969396510151,18.5606853571898 73.7959637216915,18.5610656504473 73.7959224340648,18.5612615732014 73.7958626232059,18.5614720195896 73.7957632293173,18.5616353626636 73.7955318821265,18.561789078153 73.795318587961,18.5619132616247 73.7951737455117,18.5620450189529 73.7949940381873,18.5623595635065 73.7946834278468,18.5628700081168 73.7946291827826,18.5630801226467 73.7946569044605,18.5632312834319 73.7948290855983,18.563305587086 73.7953077336288,18.5634596274649 73.7956089872196,18.5635988079488 73.7958186795681,18.5637968819134 73.7959755068458,18.5640083447698 73.7961629535507,18.5645139622127 73.7961366057486,18.5650642537067 73.7959754883051,18.5655922387853 73.7959739333933,18.5658138427922 73.7960157966348,18.5662573378084 73.7959733553,18.5668865710675 73.7962571035825,18.5671629792881 73.7981184645956,18.5683046137669 73.7994717985848,18.5690367491468 73.7998490345054,18.5691836722887 73.8008655858782,18.5694497232263 73.8019933222341,18.5694973738049 73.8029225134633,18.5694973738049 73.8038675885185,18.5693504506628 73.8048643476117,18.5691313686178 73.8083497457443,18.5681557049219 73.8102793572067,18.567919932359 73.8115437446482,18.5679488257778 73.8129414017243,18.5680057078971 73.8140790288242,18.5683713731405 73.8210637564873,18.5694318051338 73.8218174962806,18.5694290424165 73.8227412493093,18.5693221049314 73.8268915584988,18.5682256146205 73.8278184195844,18.5681494348487 73.8291007898696,18.5685684271912 73.8301292257833,18.5696095588341 73.8308910297973,18.5711204702335 73.8313354153972,18.572237783447 73.8320591295254,18.5732027353181 73.83246542434,18.5735328503608 73.8341581534761,18.5744576807775 73.8350926327188,18.5749696126575 73.8361408753012,18.5753596567228 73.8367665705209,18.5754571675145 73.8378066868292,18.5753109008774 73.8426608531159,18.5731526592678 73.844112393972,18.572745858135 73.8439552203572,18.5714699818542 73.8437703107514,18.5703142963677 73.8435110676817,18.5675927967703 73.8408602035357,18.5675513775942 73.8408010326416,18.567172682973 73.8397477871307,18.5656519860503 73.8388898069192,18.565036606954 73.8402239961407,18.5628726024887 73.8392215344464,18.5620395919536 73.8326572434372,18.5585540463322 73.8328543577425,18.5570544295184 73.8345525673473,18.5516661630631 73.8347189859925,18.5511484161666 73.8349501225502,18.5486336455264 73.8348730380603,18.5484216060725 73.8344602600331,18.5482322592114 73.8341589709598,18.5479026423931 73.8340209744885,18.5475316729484 73.8340929265475,18.5470507308067 73.8342563881969,18.5463541843351</coordinates></LinearRing></outerBoundaryIs></Polygon></MultiGeometry>
  </Placemark>
  <Placemark id="final_41wardboundary.17">
	<Style><LineStyle><color>ff0000ff</color></LineStyle><PolyStyle><fill>0</fill></PolyStyle></Style>
	<ExtendedData><SchemaData schemaUrl="#final_41wardboundary">
		<SimpleData name="qwr">29.00000000000</SimpleData>
	</SchemaData></ExtendedData>
      <MultiGeometry><Polygon><outerBoundaryIs><LinearRing><coordinates>73.8423669203381,18.5144417593709 73.8429369082774,18.5137390887518 73.8415936537243,18.5125258285043 73.8410930254228,18.5120690196696 73.8400847882825,18.5103918559994 73.8393673882944,18.5095484268186 73.8378065591255,18.5081039330501 73.8373745688814,18.5077111082811 73.8370395237552,18.5072581773231 73.8365990016427,18.5063523145078 73.836449317582,18.5059226508097 73.8364687060661,18.5048271623438 73.8367983219852,18.5017733668474 73.8366625981006,18.500813602266 73.8362845087232,18.4996502518576 73.8357900848446,18.4985741518757 73.8348503157895,18.4977143631274 73.8332900927637,18.4964570965179 73.8325762531915,18.4956940262584 73.8306240813365,18.4928519212792 73.8279762470063,18.4889474255834 73.8277047983378,18.4884820857797 73.8265511426213,18.4890637609839 73.8266965611975,18.4894321547703 73.8270358718082,18.4897811600726 73.8267256443731,18.4900138308736 73.8253296240629,18.4900235246661 73.8245637518299,18.4902852788221 73.8211820790465,18.4918382113236 73.818362714121,18.4927672292295 73.8184031062555,18.4940436187495 73.8180961254971,18.4946252641254 73.8176437354149,18.4939628337686 73.8162027495243,18.493628590326 73.8150013837831,18.4931977275918 73.8146354973051,18.4934245548242 73.8137127085944,18.4940204138635 73.8133240176432,18.4944173407529 73.8131964934731,18.4947795998554 73.8137059532591,18.4970860331435 73.8137733398248,18.4975867531501 73.8137580199884,18.4979858829359 73.8136610784095,18.4995692505311 73.8137095490461,18.5000539555876 73.8145635988361,18.5016602672422 73.8149340176528,18.5018616613701 73.8156286560378,18.5022393280827 73.8163359530079,18.5023912280253 73.8173135675013,18.5025922081361 73.8186210460019,18.5029632320151 73.8195483077665,18.5033184362337 73.8204953216326,18.5038753459312 73.82114156175,18.5043490976188 73.8223146332148,18.5049194913314 73.8217013402596,18.5055532650671 73.821636207819,18.5071204502651 73.8220322333387,18.5072890190471 73.8224931466162,18.5067209116694 73.8236957238651,18.5066972489237 73.8239322370098,18.5067754444472 73.8227066367197,18.5081695282179 73.8230249327697,18.5080618376909 73.823343736671,18.5085059651528 73.8236871154068,18.5091221885096 73.8237014706974,18.5094418391657 73.8236300026641,18.5098689970945 73.8234445402738,18.5104834637701 73.8233307912733,18.5118036343243 73.824057607504,18.5120665841952 73.8240044946118,18.5133014443063 73.8241708071371,18.5136415858905 73.8243601647899,18.5147544204801 73.8245540568244,18.5148513664974 73.8246235015734,18.5154176390129 73.824687035978,18.5156916318635 73.8250424180363,18.5162588091157 73.8316125351958,18.5148947833894 73.8321573164659,18.5148095116882 73.8340057365558,18.5143017549291 73.8361315005293,18.5139982866087 73.8363838551206,18.515937204575 73.8366823671287,18.5169393800222 73.8367274984852,18.5181172711185 73.8388253093689,18.5180288658839 73.8414956470989,18.5176780330826 73.8423669203381,18.5144417593709</coordinates></LinearRing></outerBoundaryIs></Polygon></MultiGeometry>
  </Placemark>
  <Placemark id="final_41wardboundary.18">
	<Style><LineStyle><color>ff0000ff</color></LineStyle><PolyStyle><fill>0</fill></PolyStyle></Style>
	<ExtendedData><SchemaData schemaUrl="#final_41wardboundary">
		<SimpleData name="qwr">7.00000000000</SimpleData>
	</SchemaData></ExtendedData>
      <MultiGeometry><Polygon><outerBoundaryIs><LinearRing><coordinates>73.8265132288277,18.5425490609133 73.8287979069832,18.542133469118 73.829787882737,18.5432906373976 73.8299492429566,18.5435757112299 73.8313063716352,18.5448084286014 73.831693359645,18.5451299268448 73.8342563881969,18.5463541843351 73.8344697272672,18.5454450639617 73.8375643742324,18.5445101613971 73.8407329118701,18.5442718884011 73.8480372081308,18.5444649451505 73.8476539909714,18.545844399829 73.8496314100137,18.5466411662358 73.8509137805999,18.5485710698697 73.8510407477304,18.549015455235 73.8520310925826,18.5502216448619 73.8529533844672,18.5515858426575 73.8542431282211,18.55133101457 73.8545656788477,18.5520523551123 73.8555179343559,18.5511794551659 73.8569066394402,18.5505247796365 73.8564305114178,18.5498899427071 73.8558655069307,18.5479997161821 73.8549259482165,18.5456381235053 73.8539935008716,18.5423115788046 73.8567156801951,18.5425066011114 73.8600046431657,18.5430733829904 73.8658654555576,18.5420434245841 73.8694002263782,18.542197816572 73.8732252554098,18.54284366348 73.873428077415,18.5428748672334 73.8734852843753,18.5430256844118 73.8734713070482,18.5439448869698 73.8734956848451,18.5462240423411 73.8728560134272,18.5462604459448 73.8717326874901,18.5461824382874 73.8698653062097,18.547260701762 73.8708029924658,18.5486556068471 73.8708959858408,18.5491360744487 73.8727105956589,18.5520247462354 73.8796145673917,18.5529025131773 73.8794042859861,18.552633648114 73.8770373949653,18.5449100702817 73.8772195472682,18.5442013025141 73.8775180613383,18.5434476393216 73.8776436342071,18.5430381047598 73.8776826987196,18.5427412088858 73.8776952936793,18.5424461909116 73.873960382767,18.5411828643549 73.8700300414245,18.5400425967743 73.8678806815529,18.5391262223517 73.8661336109495,18.538232371718 73.8645246806851,18.5370703666197 73.8640127478576,18.5366153161106 73.8633057941153,18.5357539695508 73.8626582599862,18.5347570217005 73.8610076846316,18.5321922818697 73.860474421837,18.5317098058076 73.8597410677715,18.5313152395705 73.8585439403685,18.5312711666612 73.8578225335586,18.5313282173273 73.8569839461936,18.531581065663 73.8565443183467,18.5318608883457 73.8561039537105,18.5322512422666 73.8557795445046,18.5326300145974 73.8542231364341,18.5323995106205 73.8535393193632,18.531993500622 73.8552233428272,18.5303058684786 73.8543904824662,18.530395145301 73.8538558308261,18.5302504168089 73.8535441807415,18.5300284360616 73.8525908751503,18.5308794308148 73.8516593928703,18.532162873925 73.8508252130061,18.5317081889743 73.8499886989541,18.5314062928992 73.8496880041802,18.5314195539029 73.8495387279843,18.5316601159089 73.8490828302059,18.5329961173073 73.8489191655776,18.534056270408 73.8488221552219,18.5350067834511 73.8486723592401,18.5352259605497 73.8484993165625,18.535224905955 73.8447164076844,18.5316253491085 73.8444612324808,18.5315844874785 73.8429498839523,18.5320861618605 73.8368884593378,18.5362008948851 73.8347225120493,18.5379834653937 73.833816101589,18.5363599677466 73.8314361431553,18.5365182447762 73.8311044223217,18.5366688249579 73.830214059006,18.537395948952 73.8298625938348,18.5290561878306 73.829425100893,18.5229133742425 73.8287615051923,18.5219574974261 73.8274468134198,18.51951164075 73.8269001470242,18.5192236256699 73.824534667441,18.5201736955597 73.8236427657012,18.5202900309602 73.8225763604108,18.5207359813804 73.8218007940715,18.5212788787173 73.819997600309,18.5223840618751 73.8180536410629,18.5234458131739 73.8176875738225,18.524196561822 73.8147637474491,18.5262780597847 73.8140807528246,18.5255752099281 73.8131396482763,18.5249080982305 73.8123216420303,18.5243918810806 73.8122965482472,18.5244441937446 73.810868290839,18.5274216799667 73.8105426769031,18.5293118300772 73.8100791330457,18.5301381100859 73.8080664224275,18.5341062993663 73.8075556048074,18.5344265128734 73.8072142473398,18.534708199424 73.806836902601,18.5351180726411 73.8046952741677,18.5350731146326 73.8038437627795,18.5377658835887 73.8049556162088,18.5378294179932 73.8060955599622,18.5382831871195 73.8115536138083,18.5395822623117 73.8154411437939,18.539911878231 73.81727448686,18.5400539632472 73.8166998050835,18.5438480724424 73.8163830812081,18.5473767457012 73.8164503003122,18.549428359021 73.8164417420429,18.5534545567447 73.8177030292969,18.5518592804132 73.8182149357352,18.5512791909766 73.8184514816949,18.5511682294517 73.8185641374689,18.5507866303512 73.8190130823198,18.5506470128373 73.8208842812045,18.548259938404 73.8211464039357,18.5475705229779 73.8223859984003,18.5458799085043 73.8224136882782,18.5454232832769 73.8242392935571,18.5442282441321 73.8249441588756,18.5437422691884 73.8254877628075,18.5430771870879 73.825769979068,18.5427802506139 73.8265132288277,18.5425490609133</coordinates></LinearRing></outerBoundaryIs></Polygon></MultiGeometry>
  </Placemark>
  <Placemark id="final_41wardboundary.19">
	<Style><LineStyle><color>ff0000ff</color></LineStyle><PolyStyle><fill>0</fill></PolyStyle></Style>
	<ExtendedData><SchemaData schemaUrl="#final_41wardboundary">
		<SimpleData name="qwr">30.00000000000</SimpleData>
	</SchemaData></ExtendedData>
      <MultiGeometry><Polygon><outerBoundaryIs><LinearRing><coordinates>73.8211820793895,18.4918382117641 73.8245637524154,18.4902852786428 73.8253296240629,18.4900235246661 73.8267256452723,18.4900138299743 73.8270358718082,18.4897811600726 73.8266965611975,18.4894321547703 73.8265511417219,18.4890637609839 73.8277047983378,18.4884820848805 73.8268102148196,18.4865047041289 73.8262977820171,18.4853020560452 73.8256284822687,18.4840784915292 73.8249278087715,18.4833046132173 73.8243010037885,18.4829562113601 73.8234218841127,18.4826980600676 73.8223761029748,18.4827608075653 73.8213826102194,18.4828444696965 73.8199461258131,18.482732362009 73.8185004377452,18.4822236937685 73.8175165668362,18.4817618775087 73.8165197277033,18.4811921354088 73.8152677185305,18.4805705231112 73.813179502632,18.4797338982009 73.8122893338856,18.479318932123 73.8118007448086,18.4789842817992 73.8112050680596,18.4783216748056 73.8093399901486,18.4746403161978 73.8042766575329,18.4803740492529 73.8038076825087,18.480999848973 73.8019241632641,18.4830551534071 73.8021129665275,18.4832846008399 73.8026917953481,18.4835910459969 73.8032275954675,18.4837667871723 73.8035330184352,18.483766108445 73.8042189789907,18.4834367254688 73.8044283820435,18.483399477419 73.804577392557,18.4834540808862 73.8046563745572,18.4836387571173 73.8046145415466,18.4873341429269 73.8053538484123,18.4922242703428 73.8057873168741,18.4922077248791 73.8074494269084,18.4915577303846 73.8077318100769,18.491698442963 73.8087428412093,18.492202244738 73.813211211828,18.4925556756041 73.8162027490577,18.4936285901874 73.8176437345708,18.4939628340177 73.8180961259355,18.494625263845 73.8184031059187,18.4940436183184 73.8183627137684,18.4927672294242 73.8211820793895,18.4918382117641</coordinates></LinearRing></outerBoundaryIs></Polygon></MultiGeometry>
  </Placemark>
  <Placemark id="final_41wardboundary.20">
	<Style><LineStyle><color>ff0000ff</color></LineStyle><PolyStyle><fill>0</fill></PolyStyle></Style>
	<ExtendedData><SchemaData schemaUrl="#final_41wardboundary">
		<SimpleData name="qwr">32.00000000000</SimpleData>
	</SchemaData></ExtendedData>
      <MultiGeometry><Polygon><outerBoundaryIs><LinearRing><coordinates>73.7995309919085,18.466335091689 73.7986756624697,18.4655030811736 73.7980455279662,18.4650187709873 73.7958001671999,18.4634476355174 73.794416536469,18.4627514938044 73.7935496635091,18.4624196953255 73.7921351796674,18.4621668869751 73.7915468235575,18.4621154375938 73.7911800582167,18.4621448989202 73.7907796741694,18.4622165456406 73.7903287503003,18.4623673692367 73.7862604054679,18.4627759654362 73.7856604955973,18.462788023162 73.7842018531453,18.4625474601705 73.7839341391335,18.4624115869918 73.7834986579341,18.4621434612329 73.7831312738666,18.4619652092587 73.7830063761899,18.46201307389 73.7827387005742,18.4631977429412 73.7825764843058,18.4634878393031 73.7823463436327,18.4636756011035 73.7820407560128,18.4637464218775 73.7821167689851,18.4659450025635 73.7821734384407,18.4662155426019 73.7822843265524,18.4664118992675 73.7824683356108,18.4666227015657 73.7826776064556,18.4667125516814 73.7830326584503,18.4668965019294 73.7833628772068,18.4671408488314 73.7835856762587,18.4673891641148 73.783553476342,18.4677156137234 73.7835191201774,18.4682612773039 73.7834179493034,18.4696289760666 73.7835681315187,18.4699647491632 73.7838107117823,18.4701773812219 73.7842601999952,18.4702530504911 73.784543020061,18.4701675227961 73.7846360320774,18.4699570442878 73.784837003144,18.4695798539248 73.7851362034718,18.4693343051246 73.7854722566333,18.4692709531442 73.7859509217188,18.4695360445378 73.7863239339915,18.469640332015 73.7865836654959,18.4695837672984 73.7868747753791,18.4694036698963 73.7882637404959,18.4703805918505 73.7904467856587,18.4714476415936 73.7932908470191,18.4737744137423 73.7942621152604,18.4747049629154 73.7955507554177,18.47572441233 73.7950292808297,18.4762469377166 73.7947583128322,18.4766482311002 73.7931733366717,18.4780071169487 73.7931377587736,18.4783011564424 73.7930250085003,18.4785865161555 73.7928002414675,18.4788225433288 73.7925502455612,18.478984715215 73.792258204513,18.4790237944695 73.7869274061787,18.4795792849768 73.7865642701302,18.4797368852455 73.7860257944628,18.4800404942648 73.7854412460651,18.480222261856 73.7849720158843,18.4802128553996 73.7846508130773,18.4801276330694 73.7841954419673,18.4800543429866 73.7836311839357,18.4802106463338 73.7827192679785,18.4802303766267 73.7822243974991,18.4800544746424 73.7785301145306,18.4805447544421 73.7777562453575,18.4806088889318 73.7780459431694,18.4810626028924 73.7781075895085,18.4813192016784 73.7780263817391,18.4817965792843 73.7773956697183,18.4833391741739 73.7772615037243,18.4837704645853 73.7772642276377,18.4850669519007 73.7770417384337,18.485716933923 73.7765809707185,18.4861506629389 73.7758093413373,18.4868544121001 73.7756472117223,18.4878655191956 73.7752723219062,18.488625053894 73.7740768649375,18.488833042432 73.7740768647275,18.4893339046879 73.7747958433876,18.4898590007837 73.7748119997948,18.4906345286053 73.7753532537026,18.491272722822 73.7759429779232,18.4919593880441 73.7772597588626,18.4946414208963 73.7768719947204,18.495853181981 73.777510189213,18.4962894160936 73.7797165646101,18.4979635859414 73.7806627089198,18.4979377348272 73.7808901971106,18.4980204583456 73.7831408420421,18.5000620341553 73.7832216257339,18.5004417199471 73.7845765372105,18.5004349335055 73.7854554677035,18.4998920651966 73.7857501695141,18.4991653312804 73.7864691468158,18.499084546974 73.7885776126466,18.4977112173848 73.7913856682655,18.4964590634331 73.7921016349534,18.4963868874901 73.7921353452505,18.4962264049511 73.792915989221,18.4953590190115 73.7932055724706,18.4952595810345 73.7938098302641,18.4947185312631 73.7941310352629,18.494546095314 73.7951960932102,18.493765397542 73.7972701636202,18.492578324168 73.7977656559034,18.4925264455659 73.7979645888074,18.4924515551801 73.7981989999427,18.492363308854 73.7985706066864,18.4924764061047 73.798628747001,18.4924708842081 73.8000166418582,18.4923390729287 73.8001620543748,18.4931307578497 73.8011712541253,18.4934537553167 73.8013534115786,18.4935127392731 73.8015156173087,18.4935413639284 73.8016795579861,18.4935465684542 73.8018698226784,18.4935135559743 73.8026064035481,18.4932919635673 73.8041294169238,18.4928337720181 73.8042916865356,18.4927239162553 73.8045067652183,18.4925088363617 73.8047317722292,18.4922209615391 73.8049667050574,18.4920819859866 73.8051553134867,18.4921349286431 73.8053538482348,18.4922242702657 73.8046145419564,18.487334142964 73.8046563742981,18.4836387575198 73.8045773923976,18.4834540812855 73.8044283821943,18.4833994776762 73.8042189788177,18.4834367256015 73.8035330180856,18.483766108343 73.8032275953482,18.4837667873298 73.8026917954222,18.4835910455674 73.8021129664356,18.4832846004748 73.8019241632101,18.4830551535088 73.8038076820701,18.4809998486227 73.8042766569747,18.4803740481087 73.809339990027,18.4746403163535 73.8085403356718,18.4728387948941 73.807281108752,18.4720850969115 73.8030530480482,18.4687945629353 73.8010165704447,18.4676496539853 73.7991466844171,18.46689193449 73.7995309919085,18.466335091689</coordinates></LinearRing></outerBoundaryIs></Polygon></MultiGeometry>
  </Placemark>
  <Placemark id="final_41wardboundary.21">
	<Style><LineStyle><color>ff0000ff</color></LineStyle><PolyStyle><fill>0</fill></PolyStyle></Style>
	<ExtendedData><SchemaData schemaUrl="#final_41wardboundary">
		<SimpleData name="qwr">34.00000000000</SimpleData>
	</SchemaData></ExtendedData>
      <MultiGeometry><Polygon><outerBoundaryIs><LinearRing><coordinates>73.8360429363174,18.4375894891862 73.8361949254933,18.4369932597184 73.8360417895165,18.4367577859364 73.8360907292306,18.4362477558937 73.8357070140602,18.4357893622058 73.8356104801101,18.4349201227916 73.8355879772512,18.4331935477142 73.8350646497225,18.4315073329604 73.8349794952875,18.4306381629542 73.8347594216314,18.4298702310928 73.8346616566798,18.4295221714902 73.8342655093189,18.4288856268321 73.8338227501145,18.428413838357 73.8333716548823,18.4278290738732 73.8329553226003,18.4274877429017 73.8321032783323,18.4269803168846 73.8305993023275,18.4260671251681 73.8301750941424,18.4257143392874 73.829719186032,18.4250030394479 73.8294894427736,18.4249120451576 73.8289439805359,18.4248272459725 73.8287176973908,18.4244793591085 73.8285354116859,18.4232682885365 73.8281257066932,18.422744063836 73.8278792413882,18.4217373217753 73.8275436789725,18.4208954456983 73.8270693849865,18.4200679818043 73.8266562493405,18.4196582527907 73.8257486853063,18.4189343563999 73.8244672068005,18.4174750643044 73.8232036046392,18.4164532728004 73.8217743853044,18.4149075323346 73.8204533202187,18.4153902200278 73.8197126053065,18.4179627497978 73.8201486589284,18.4200056865175 73.8218584642711,18.4216319150937 73.8221551875129,18.4233714774248 73.8223971545207,18.4240896662454 73.8231306113875,18.4251348826008 73.8217039763584,18.4276086698395 73.8197299835527,18.4320941094962 73.8197033820529,18.4329775306621 73.8186490401053,18.4348608634239 73.8176193237144,18.4373702153462 73.8147582005507,18.4397454098591 73.8136405952438,18.4409963055255 73.8133626291728,18.4416848673117 73.8128617558586,18.4420652339503 73.8125864194898,18.4423703111462 73.8112951753654,18.4425953935002 73.8108146440131,18.4436624994565 73.8099006575459,18.4449330546372 73.8093837669084,18.4453028796229 73.8093343465805,18.4455480084641 73.8094454835958,18.4456618050274 73.8096562804771,18.4456442782354 73.80983147703,18.4460160888107 73.8102644261905,18.4473012206722 73.8078898062158,18.447119224528 73.8074017296978,18.447116156726 73.8070879498297,18.4472743112794 73.8067735671916,18.4475198033301 73.8057592312948,18.4475206983399 73.8050821602338,18.4472762435191 73.8044576695107,18.447148574671 73.8040764605652,18.4471316146767 73.8031575123874,18.4482257830807 73.8024112334801,18.4493014768075 73.8014727083441,18.450603405019 73.7999116157882,18.4506049065311 73.7961984610746,18.4499103895967 73.7961349185985,18.450478618574 73.7958536341844,18.4515117433144 73.7948030270606,18.4517893861143 73.7953454012618,18.4543289297557 73.7954743337586,18.4544872730262 73.7957028615597,18.4546144968267 73.7960005025884,18.4546303619258 73.7962105130811,18.454613061709 73.7972702146845,18.4552439894527 73.7970950830587,18.4563416206552 73.7974755717095,18.4564645841855 73.7978871035629,18.4565108648395 73.7984285402102,18.4565215747065 73.7993040278128,18.4567527538914 73.7999226424347,18.4566329354056 73.8016928204655,18.4571925298507 73.8012201237876,18.4590699718966 73.8006589316277,18.4604571502112 73.8006693011855,18.4606515933402 73.8008042662003,18.4608558061367 73.800938779578,18.4611250904459 73.8009539059173,18.4614017534467 73.8008414219098,18.4616423610584 73.8009569707201,18.461778664617 73.8010148138142,18.461960736855 73.8009826961977,18.4621220125437 73.8008444224772,18.4623012628706 73.8003847857045,18.4625694991161 73.7999615734142,18.4632748097558 73.7995913906223,18.4635722317902 73.8001184638429,18.4647758373146 73.7998886832156,18.4651310881475 73.7998739907143,18.4658201131085 73.800118534993,18.4660049111129 73.8000458496006,18.466138331873 73.7996585227301,18.4664202422545 73.7995309897568,18.466335089582 73.7991466873699,18.4668919346152 73.8010165703586,18.4676496539086 73.8030530482598,18.4687945628188 73.8070098609143,18.4718740026103 73.8079193307004,18.4715328922109 73.8092356182572,18.4713644176693 73.8100193949683,18.4714164746782 73.8104084397187,18.4714071337373 73.8111772668266,18.4709406217879 73.8115677308372,18.4707250777024 73.8117765925161,18.4708795719723 73.8125418965832,18.4718211529019 73.8128018145088,18.4717344060211 73.8130084358565,18.4713173883332 73.813071837693,18.4710762244777 73.8132571399602,18.4710656022214 73.813572136173,18.4710498990749 73.8137460216218,18.4709036950559 73.8139269719194,18.4706279171598 73.8138675799804,18.4702858258398 73.8134266218581,18.4686978238477 73.8135063904253,18.4683208854689 73.8139335681171,18.467927709407 73.8147646418865,18.4673279027984 73.8157465038847,18.4664031476939 73.8161542306455,18.4654500173812 73.8168069151802,18.4662851748379 73.8174245084054,18.4667132796448 73.8176344489196,18.4668500610745 73.8180716507609,18.4663809458835 73.8187287840767,18.4662470656222 73.8193850453096,18.4662405411351 73.8200638404564,18.466191700439 73.8207110829287,18.4658773202314 73.821688209119,18.4661168966346 73.8231743394201,18.466741719413 73.8235097329251,18.4664890751949 73.8240443779974,18.4663756439703 73.8243142668266,18.4659421602208 73.8259549165417,18.4663514022548 73.8261289785442,18.464830911341 73.8328031189975,18.4655700810375 73.8328629343504,18.464978205361 73.8322597349307,18.4649038068946 73.8317279074171,18.4645295594001 73.8315594185685,18.4636738441806 73.8315199798348,18.4616207514154 73.8305131551981,18.461914496434 73.8276914848959,18.4618835173014 73.8262124175429,18.4612750710401 73.8265424820262,18.4595111801574 73.8260355054909,18.4585710657544 73.8259403151482,18.4583620687877 73.8272471850018,18.4575468181139 73.8284120701503,18.4564630951237 73.8286426394313,18.4564128469017 73.8287753622587,18.4563827531307 73.8287531495774,18.455991355266 73.8283817503109,18.4552708654496 73.8281727316207,18.4547309266723 73.8281103649654,18.4542777660604 73.8291817729809,18.4530977992392 73.8300873531757,18.4522446748103 73.831048754833,18.4516026652011 73.834088614709,18.4514789572103 73.8342713175249,18.4500021065789 73.8344995308822,18.4497249677808 73.8346991418168,18.4478378692957 73.8348065198743,18.4457157170684 73.8352076475572,18.4455760671132 73.8350668199762,18.4442051449106 73.8350326454289,18.4428032344154 73.8353716192854,18.4399741577933 73.8359299879337,18.4385724130113 73.8360429363174,18.4375894891862</coordinates></LinearRing></outerBoundaryIs></Polygon></MultiGeometry>
  </Placemark>
  <Placemark id="final_41wardboundary.22">
	<Style><LineStyle><color>ff0000ff</color></LineStyle><PolyStyle><fill>0</fill></PolyStyle></Style>
	<ExtendedData><SchemaData schemaUrl="#final_41wardboundary">
		<SimpleData name="qwr">37.00000000000</SimpleData>
	</SchemaData></ExtendedData>
      <MultiGeometry><Polygon><outerBoundaryIs><LinearRing><coordinates>73.8580856401808,18.4635110680475 73.8580475612908,18.4614543909666 73.8580057852146,18.4600695665927 73.8580246870332,18.4586703776022 73.8584029942351,18.456895909519 73.8586725459134,18.4556370550699 73.8586774906854,18.4548888251215 73.8586219327566,18.4544208289582 73.8582654845301,18.4523427433171 73.8580909926616,18.4513779448592 73.8581261754555,18.4506157894616 73.8584283344347,18.4486832547308 73.8584858049703,18.4483569591935 73.8583633476394,18.4482409780755 73.8582273012219,18.4482755101993 73.8571691330599,18.4486521054876 73.8551776167837,18.4491998174901 73.851280037218,18.4504370978476 73.8511638835186,18.4517152818478 73.8510372949563,18.456243830444 73.8507172044787,18.4569828234116 73.8506334935594,18.4571045813668 73.8504825315325,18.4571396270537 73.8496196364791,18.4565698124788 73.8491650727433,18.4569266604764 73.8484920822555,18.4578995790786 73.8467156413322,18.4576457671951 73.8464541365153,18.4576252128376 73.8463279086299,18.4576813356055 73.8459656807035,18.4592086921961 73.8450660162065,18.4590665632302 73.8437816947205,18.4589688343989 73.8437321525112,18.4587595722129 73.8424312333339,18.4586967479659 73.8421591383578,18.4585304175735 73.8411791278614,18.4585248596161 73.84150520559,18.4612016408443 73.8420716043742,18.4615488309341 73.8422853567722,18.4621140900897 73.842372193572,18.4629685252994 73.8421914484351,18.46312483042 73.8417966819713,18.4647916318284 73.8436582381373,18.4649166420894 73.8453917128573,18.4652043846747 73.8447109557462,18.4684537737228 73.8456162933574,18.4686081720296 73.8466128662907,18.4686151903389 73.848070389437,18.4685495011586 73.8491674607098,18.4683765741197 73.8500306902643,18.4683555200913 73.8504166855818,18.4678642519338 73.8515746760306,18.467843197006 73.8519536539381,18.4683274477536 73.8523416983608,18.4683768349232 73.8527256472708,18.4684257013852 73.8531818247815,18.4679484689469 73.8576288526896,18.4683294478458 73.8580946178724,18.4637354869033 73.8580856401808,18.4635110680475</coordinates></LinearRing></outerBoundaryIs></Polygon></MultiGeometry>
  </Placemark>
  <Placemark id="final_41wardboundary.23">
	<Style><LineStyle><color>ff0000ff</color></LineStyle><PolyStyle><fill>0</fill></PolyStyle></Style>
	<ExtendedData><SchemaData schemaUrl="#final_41wardboundary">
		<SimpleData name="qwr">2.00000000000</SimpleData>
	</SchemaData></ExtendedData>
      <MultiGeometry><Polygon><outerBoundaryIs><LinearRing><coordinates>73.8962547089497,18.5832303544111 73.8960479819348,18.5790139859415 73.8956838847801,18.5747504163516 73.8974763331652,18.5750353474152 73.8991913274676,18.5754143503476 73.8998201931845,18.5734736166453 73.8997709911071,18.5724373356156 73.9003250274782,18.5715892625345 73.9004972692338,18.571581788269 73.9006516207758,18.5715288676633 73.900757516846,18.5713509206086 73.9009866919823,18.5704128521714 73.9008317963504,18.5702074479155 73.900885822223,18.5700139237038 73.9013368888863,18.5694700128309 73.9049450984143,18.5694311952139 73.9050404574395,18.5696125765829 73.9050109553845,18.5702555270162 73.9054578420566,18.5705219812395 73.9061322961064,18.570487459939 73.9070004452917,18.5704430209523 73.9066865542758,18.5680139811564 73.9059308457589,18.5680133931114 73.9061211804219,18.566705818736 73.9065645284801,18.566658171632 73.906554594419,18.5665379684525 73.9068484748773,18.5646610131953 73.9063316992486,18.5594277350021 73.9063709789376,18.5569437166793 73.9063575097913,18.5560008773387 73.9068451440642,18.5556688537091 73.9068168547141,18.5556854518222 73.9067130719797,18.5555956857064 73.9057471863181,18.5550605848248 73.9027210456663,18.5542202591208 73.9010728813972,18.5537092772118 73.9009474238366,18.5568846525528 73.9009264697657,18.5569680005518 73.9008035574374,18.5570284953955 73.9007073099643,18.5570251524198 73.8994088510089,18.5566476558764 73.8993136332785,18.5581686856225 73.8993718312755,18.5587479776838 73.8973161406602,18.5590475982917 73.8972387459013,18.5579258692525 73.8971634531792,18.5578391769618 73.8970702120521,18.5578219384779 73.8966329801314,18.5578252811694 73.8953633569371,18.5579770606211 73.89448300967,18.5581629530785 73.8913953014339,18.559225584029 73.8918730181255,18.5608324220786 73.8925381279324,18.56217193079 73.893275786948,18.5636015021077 73.8940963219845,18.5647815901034 73.8938244812845,18.5649816439123 73.88838274234,18.5677206017248 73.8881401906783,18.5677571600588 73.8879973650374,18.5677034289012 73.8878770619215,18.5675095034409 73.8877982295663,18.5671689781381 73.88780113501,18.5667207333178 73.8881319459966,18.5662441246927 73.8881854113804,18.5659971222988 73.888124810535,18.5657445018688 73.8869209425844,18.5636607907212 73.8848376065566,18.5646991025142 73.8849402818455,18.5625381018701 73.8850149748402,18.556886963123 73.8827430429272,18.5557866863459 73.8812142815345,18.5552825140115 73.8805995609717,18.5544093967787 73.8797314058025,18.5532894465697 73.8796145659186,18.5529025108809 73.8727105958175,18.5520247461452 73.873993056934,18.5540470894017 73.8742890094303,18.5549924936087 73.8745905530117,18.5557024517069 73.8753218843976,18.5571125014408 73.8753582934506,18.5574622783616 73.875220234926,18.5576609484941 73.8747454477443,18.5580077783364 73.8743537902953,18.5581121644449 73.8725215142566,18.558568589269 73.871817804648,18.5643100716526 73.8712811441096,18.5657727353235 73.8712022232041,18.5660831570122 73.8712337912067,18.5664619766389 73.8718309581324,18.5685569923115 73.8721351322307,18.5691077928905 73.8725050728509,18.5706944290047 73.8726122738375,18.5727019739171 73.8712360136129,18.5749865243452 73.8726938647461,18.5769488015079 73.8748058697403,18.5768939242803 73.8748196509379,18.5758196017013 73.8765441336512,18.5758116990203 73.8766143918409,18.5752897749032 73.8771601957865,18.5743151247434 73.8780703897368,18.5725550363859 73.8817797793134,18.5729792043269 73.8838499259958,18.5733148429405 73.8847866474782,18.5747628187631 73.884621492692,18.5753766138808 73.8846141324179,18.576508309471 73.8850127648901,18.5772115062589 73.8849450944642,18.5775240802939 73.8850842668778,18.5778008810767 73.8852077620793,18.5778624428276 73.885315576826,18.5778931634572 73.8857005267433,18.5779715170794 73.886300098625,18.5782202021417 73.8868110949156,18.5784791080297 73.8870427464193,18.5787107601815 73.8873663785857,18.5790207655953 73.8876583102748,18.5795224114835 73.8877788560678,18.5795070977885 73.8886040580476,18.5794964179135 73.8907491819012,18.5806035802461 73.8929941648881,18.5809761816011 73.8934039167232,18.5814257239866 73.8938541832273,18.5815494758128 73.8943196239929,18.5819053799721 73.8946770499566,18.5821957632821 73.8947349634352,18.5825330205209 73.8948916693945,18.5828566529507 73.8951549929765,18.5830588969909 73.8954103254642,18.5832550012935 73.8961417754839,18.583251087644 73.8962547089497,18.5832303544111</coordinates></LinearRing></outerBoundaryIs></Polygon></MultiGeometry>
  </Placemark>
  <Placemark id="final_41wardboundary.24">
	<Style><LineStyle><color>ff0000ff</color></LineStyle><PolyStyle><fill>0</fill></PolyStyle></Style>
	<ExtendedData><SchemaData schemaUrl="#final_41wardboundary">
		<SimpleData name="qwr">6.00000000000</SimpleData>
	</SchemaData></ExtendedData>
      <MultiGeometry><Polygon><outerBoundaryIs><LinearRing><coordinates>73.8850527367078,18.5432655784942 73.8846342373477,18.5449987258743 73.8845245354121,18.5451217368011 73.8843790487308,18.5451653942126 73.8840884597301,18.5451933557877 73.8839708711061,18.5460968950564 73.8841022126069,18.5473173510689 73.8842438067675,18.5479731928771 73.8843643934472,18.5481207498189 73.8845176431597,18.5482298567222 73.884735864583,18.5483161607956 73.8847989805431,18.5485793077375 73.8847637093946,18.5490196335919 73.884217410289,18.5495419550917 73.8828164838856,18.5494022838864 73.882127497147,18.5494368487627 73.8815221540876,18.5490700166633 73.8811977423732,18.549114466647 73.8792145855531,18.5487935591973 73.8787687836559,18.5488140979468 73.8786219260803,18.5489677990938 73.8785429338994,18.5498229067272 73.8794042857793,18.5526336483243 73.8796145664888,18.5529025120607 73.8797314058025,18.5532894465697 73.8805995609717,18.5544093967787 73.8812142815345,18.5552825140115 73.8827430429272,18.5557866863459 73.8850149748402,18.556886963123 73.8849402818455,18.5625381018701 73.8848376065566,18.5646991025142 73.8869209425844,18.5636607907212 73.888124810535,18.5657445018688 73.8881854113804,18.5659971222988 73.8881319459966,18.5662441246927 73.88780113501,18.5667207333178 73.8877982295663,18.5671689781381 73.8878770619215,18.5675095034409 73.8879973650374,18.5677034289012 73.8881401906783,18.5677571600588 73.88838274234,18.5677206017248 73.8938244812845,18.5649816439123 73.8940963223938,18.5647815898187 73.8940491576913,18.5647137621187 73.8919533713916,18.5609942501807 73.8918730190247,18.5608324220786 73.8913953061133,18.5592255826379 73.89448300967,18.5581629530785 73.8947749240112,18.5581013149037 73.8946626594676,18.5577494248442 73.8957266909094,18.5566465268232 73.8969413643359,18.5565357502633 73.8969312976309,18.5564973366705 73.896779547933,18.5557288647376 73.8967731073008,18.5534056928597 73.8969007231396,18.5523875198963 73.8961338025775,18.5520366051638 73.8951762593514,18.5514264456872 73.8942339725725,18.5506601361058 73.8926066828804,18.548854331456 73.8914800379173,18.5475528459849 73.8904779994455,18.5466711158734 73.8895563343748,18.5460271769105 73.8886452952289,18.5457761071993 73.8886231911075,18.5455940368354 73.8887436139267,18.5436471907652 73.8850527367078,18.5432655784942</coordinates></LinearRing></outerBoundaryIs></Polygon></MultiGeometry>
  </Placemark>
  <Placemark id="final_41wardboundary.25">
	<Style><LineStyle><color>ff0000ff</color></LineStyle><PolyStyle><fill>0</fill></PolyStyle></Style>
	<ExtendedData><SchemaData schemaUrl="#final_41wardboundary">
		<SimpleData name="qwr">13.00000000000</SimpleData>
	</SchemaData></ExtendedData>
      <MultiGeometry><Polygon><outerBoundaryIs><LinearRing><coordinates>73.8787687836559,18.5488140979468 73.8792145855531,18.5487935591973 73.8811977423732,18.549114466647 73.8815221540876,18.5490700166633 73.882127497147,18.5494368487627 73.8828164838856,18.5494022838864 73.884217410289,18.5495419550917 73.8847637093946,18.5490196335919 73.8847989805431,18.5485793077375 73.884735864583,18.5483161607956 73.8845176431597,18.5482298567222 73.8843643934472,18.5481207498189 73.8842438067675,18.5479731928771 73.8841022126069,18.5473173510689 73.8839708711061,18.5460968950564 73.8840884597301,18.5451933557877 73.8843790487308,18.5451653942126 73.8845245354121,18.5451217368011 73.8846342373477,18.5449987258743 73.8850527363515,18.5432655799679 73.8851890327479,18.542435512589 73.8852639178725,18.5413677158043 73.8854321072708,18.5371189549541 73.885689705869,18.5314898266729 73.8835028551727,18.5313833275786 73.8816213106751,18.5309644179736 73.8795049855668,18.5302189087758 73.8792490146804,18.5303810479971 73.879066191052,18.5264808101414 73.8785786613761,18.5246119460845 73.8804678384201,18.5240973315268 73.8787547135593,18.520820049106 73.8772650396499,18.5215851994974 73.8766835586994,18.5196431216328 73.8765151323057,18.5191646313325 73.8724568341907,18.5204347567206 73.8720068158103,18.520107009441 73.8689841062684,18.5200720540167 73.8689683852493,18.5219964162068 73.8690432219694,18.5221086094471 73.8700306832221,18.5219234655007 73.870166640467,18.522418409716 73.8707369493972,18.5226567152228 73.8701589610673,18.5238196046911 73.8699447137777,18.5241528772535 73.8696531014097,18.5243671236439 73.8690282155798,18.5246646877252 73.8658799831748,18.526313196297 73.8633323551325,18.5278426771233 73.8620652056418,18.5271285223451 73.8610594381723,18.5261882185288 73.8603214773403,18.525587138827 73.8610772923189,18.524408782956 73.8608295365154,18.5238712486339 73.8607880594316,18.5234053948279 73.861386759316,18.5223198802089 73.8611159718226,18.5221724893458 73.8609166068161,18.5220639742732 73.8557125877203,18.5217689832245 73.8551613317589,18.5214668980752 73.8547461178405,18.522348630371 73.8549767355063,18.5224411899408 73.8578370568391,18.525068397845 73.8604786267958,18.5280532076736 73.8606140854228,18.5285229245575 73.8606111260183,18.5285795331206 73.8605125117431,18.5304655262631 73.8604744218572,18.5317098057629 73.8610076847569,18.5321922821482 73.8626582599708,18.5347570218192 73.8633057943271,18.53575396977 73.8640127477901,18.536615316144 73.8645246796703,18.5370703668041 73.8661336108776,18.5382323718266 73.8678806806491,18.5391262223974 73.8700300414245,18.5400425967743 73.872233117357,18.5406817632233 73.8740520192309,18.5412138613043 73.8776952936793,18.5424461909116 73.8776436342071,18.5430381047596 73.8775180613383,18.5434476393216 73.8773912880071,18.5437677068963 73.8772195472682,18.5442013025141 73.8770373949653,18.5449100702817 73.8785429338994,18.5498229067272 73.8786219260803,18.5489677990938 73.8787687836559,18.5488140979468</coordinates></LinearRing></outerBoundaryIs></Polygon></MultiGeometry>
  </Placemark>
  <Placemark id="final_41wardboundary.26">
	<Style><LineStyle><color>ff0000ff</color></LineStyle><PolyStyle><fill>0</fill></PolyStyle></Style>
	<ExtendedData><SchemaData schemaUrl="#final_41wardboundary">
		<SimpleData name="qwr">10.00000000000</SimpleData>
	</SchemaData></ExtendedData>
      <MultiGeometry><Polygon><outerBoundaryIs><LinearRing><coordinates>73.8020685586158,18.4975981217639 73.8019991926511,18.4959438179546 73.801679557961,18.4935465654775 73.8015156176517,18.493541364043 73.801353411431,18.4935127395215 73.8011712546497,18.4934537556864 73.8001620534361,18.4931307578783 73.8000166420545,18.4923390729898 73.7985706068481,18.492476406661 73.7981989997841,18.4923633088199 73.7979645887947,18.4924515556947 73.7977656560603,18.4925264458388 73.7972701637871,18.4925783232312 73.7951960933251,18.493765397755 73.7941310352192,18.4945460956259 73.7938098306592,18.494718531635 73.7932055725792,18.495259580865 73.7929159881824,18.4953590189036 73.7921353442709,18.4962264051246 73.7921016349825,18.496386887345 73.7913856685138,18.4964590633352 73.7885776127668,18.4977112163996 73.7864691468338,18.4990845468145 73.7857501685355,18.4991653311152 73.7854554678956,18.4998920642674 73.7845765370776,18.5004349337252 73.7832216256776,18.5004417200095 73.7831408422761,18.5000620343355 73.7808901962256,18.4980204581777 73.7806627082174,18.4979377349388 73.7797165647678,18.4979635859508 73.7775101896436,18.4962894161237 73.7768719947468,18.4958531819789 73.7772597590308,18.4946414201655 73.7759429779861,18.4919593882154 73.7753532538497,18.4912727234576 73.7748120004736,18.4906345285607 73.7747958432536,18.4898590008923 73.7740768649554,18.489333904736 73.7740768649554,18.4888330426109 73.7726550646797,18.487976731541 73.7713544399555,18.4865145391147 73.7705304424261,18.4859490499089 73.7690844072197,18.4848665431565 73.7683815852421,18.4863287355828 73.7659706530233,18.4897392768463 73.765706183094,18.4909552492855 73.7653683374788,18.4914666047002 73.7651280377288,18.4920562622868 73.7650611641414,18.4926709731869 73.7651703589251,18.4935974700473 73.7654383811765,18.4941268964393 73.7661861962361,18.4947684134317 73.7670961482688,18.4964383825254 73.7658604743814,18.4971983995866 73.7648884799195,18.4981342026314 73.764014719304,18.4993130042918 73.7618846039914,18.5012776740255 73.7610948580413,18.5020412452075 73.7604324282141,18.5024694007423 73.760254703292,18.5028733213468 73.7601739198905,18.5036488490152 73.7603031740524,18.5040931617702 73.760626310356,18.5041820237814 73.7610408294707,18.5041330619912 73.7614577533727,18.5041462982131 73.7617853359246,18.5043779222033 73.7619937978756,18.5046293996271 73.7619143841416,18.5049569830783 73.7617754092079,18.5052978009529 73.7619110755358,18.5056783265936 73.7621493167377,18.5057875204777 73.7624748906538,18.5058120238563 73.7620018567006,18.5076552675766 73.7618963797142,18.5084928799425 73.7611642443345,18.5096841507032 73.7596793746036,18.5120463423648 73.7591601788993,18.5130221913213 73.7586886337735,18.5132393506155 73.7582481116612,18.5139032355459 73.75696377276,18.5152558248964 73.7561385692397,18.5157459832907 73.7539545728453,18.5158886877128 73.7536443454103,18.5159693461085 73.7532720737474,18.5163974593753 73.7527695065077,18.5171233903322 73.7523196773113,18.5183511133135 73.7503435322282,18.5221304512594 73.7492701472996,18.5227074733713 73.7480249747729,18.5237800830847 73.7476371907038,18.5244102308476 73.7475014668192,18.5247301520749 73.747482077436,18.5253990786047 73.74778260928,18.5269017405232 73.7476856641621,18.5288697413455 73.7472507826676,18.5291694614497 73.7472530653206,18.5295938049068 73.7475431969048,18.5298043939854 73.7481254324264,18.5299550908932 73.7485372009625,18.5301510284324 73.7487876154369,18.5302531552514 73.7494158772418,18.5307596580624 73.7554414056654,18.5288364286782 73.7568557852525,18.5287291942203 73.7581905588499,18.5284263609832 73.7595437238428,18.5283784437777 73.7608732983408,18.5283267873452 73.7613807675634,18.5281731310827 73.7640101302305,18.5281275522427 73.7646011450628,18.5281855160373 73.7655156079898,18.5283306024497 73.7667323756887,18.5281221514741 73.7680656197979,18.5280755113861 73.769911627364,18.5280628047319 73.7704558671518,18.5280910773143 73.7708333411373,18.5282369722716 73.7722985605894,18.5280888360906 73.7752077524893,18.5279995149426 73.7757922489569,18.5279723882106 73.7777882187067,18.5272878913918 73.7784053283815,18.5272770432474 73.7787290411886,18.5269625779489 73.7791983857659,18.5265847517672 73.7796252663126,18.5263451443611 73.7803491271063,18.5260209931594 73.7810654417593,18.5257955168448 73.7834565938646,18.5243972323168 73.78315071288,18.5241170383849 73.7827438359484,18.5232256465803 73.7840720964098,18.5221367533711 73.7839073797203,18.5213705759977 73.7843280554844,18.5197362954555 73.7850726189186,18.5182678427846 73.7864387603367,18.5166101640106 73.7872984654399,18.5167605884118 73.7877718482958,18.5167660392951 73.7881539804857,18.5166890724533 73.7901964347178,18.5162667761909 73.7908265833803,18.5160147169058 73.7914567311434,18.5159759390385 73.7921644364397,18.5160728850557 73.7926491656266,18.5170714266052 73.7931424257824,18.5173529575731 73.7936139709082,18.5179113664165 73.7941776754666,18.5184514180625 73.7957368266181,18.5171943359949 73.7957616556872,18.5162683789912 73.7960817331882,18.5154438177419 73.7968329258512,18.5149218436959 73.7974287244197,18.5147554516928 73.7986826959983,18.5120069724038 73.7987160182297,18.508641306751 73.7989422139121,18.507615349369 73.801341501709,18.5073729955674 73.802747144765,18.5069609972523 73.8024240093607,18.5054664912857 73.8019328419272,18.5028235582607 73.8019010479568,18.5024134646911 73.8023146588243,18.5023388135705 73.8020685586172,18.4997469757424 73.8020685586158,18.4975981217639</coordinates></LinearRing></outerBoundaryIs></Polygon></MultiGeometry>
  </Placemark>
  <Placemark id="final_41wardboundary.27">
	<Style><LineStyle><color>ff0000ff</color></LineStyle><PolyStyle><fill>0</fill></PolyStyle></Style>
	<ExtendedData><SchemaData schemaUrl="#final_41wardboundary">
		<SimpleData name="qwr">11.00000000000</SimpleData>
	</SchemaData></ExtendedData>
      <MultiGeometry><Polygon><outerBoundaryIs><LinearRing><coordinates>73.8147637483484,18.5262780597847 73.8176875738225,18.524196561822 73.8180536410629,18.5234458131739 73.819997600309,18.5223840618751 73.8218007940715,18.5212788787173 73.8225763613102,18.5207359822798 73.8236427657012,18.5202900309602 73.8245346683404,18.5201736955597 73.8269001479236,18.5192236283679 73.8262678229017,18.5171329582195 73.8250424210709,18.5162588081975 73.824687035978,18.5156916309641 73.8246235006742,18.5154176390129 73.8245540568244,18.5148513673968 73.8243601647899,18.5147544213795 73.8241708071371,18.5136415858905 73.8240044946118,18.5133014443063 73.8240576074825,18.5120665846292 73.8233307910087,18.5118036339065 73.8234445402518,18.5104834641886 73.823630002244,18.5098689968183 73.8237014710758,18.5094418393847 73.8236871149964,18.5091221884165 73.8233437367541,18.5085059654217 73.8230249325175,18.5080618376759 73.8227066371018,18.5081695278016 73.821246576968,18.5098144732594 73.8209198110005,18.5101314671935 73.8206176441891,18.5104245967179 73.820281167342,18.5105272138599 73.8189324037075,18.5105633225393 73.8178570051967,18.5104805993004 73.8154867996761,18.509990401336 73.8142999194058,18.5096637109116 73.8125058654534,18.5095964982798 73.812025038425,18.5095344558505 73.8115287016882,18.5093793506767 73.8111254267971,18.5091105010488 73.8103964309507,18.5084900785544 73.809129736748,18.5083039521658 73.8078626282202,18.507659849229 73.8061589989589,18.5073551110856 73.8061095895969,18.5086789204258 73.8058579712523,18.5101549742941 73.8058088632885,18.5129713346595 73.8038200593484,18.5129662858656 73.7986826959983,18.5120069724038 73.7974287244197,18.5147554516928 73.7968329258512,18.5149218436959 73.7960817331882,18.5154438177421 73.7957616556872,18.5162683789912 73.7957368266181,18.5171943359949 73.7941776754666,18.5184514180625 73.795489679705,18.5197083548568 73.796554922172,18.521050861908 73.7975414433832,18.5221366556821 73.7988630088209,18.523166608752 73.8001333884452,18.5235958848424 73.801897803441,18.523886722894 73.8023437538612,18.5241678662541 73.8037106909957,18.5242357281963 73.8044843201954,18.5245440157938 73.8059734077468,18.5246308804109 73.8093238581096,18.5248464865762 73.8103476067567,18.5243951069486 73.8111479916866,18.5242399936809 73.812091081938,18.5243144476538 73.8123216420303,18.5243918810806 73.8131396482763,18.5249080982305 73.8140807519252,18.5255752099281 73.8147637483484,18.5262780597847</coordinates></LinearRing></outerBoundaryIs></Polygon></MultiGeometry>
  </Placemark>
  <Placemark id="final_41wardboundary.28">
	<Style><LineStyle><color>ff0000ff</color></LineStyle><PolyStyle><fill>0</fill></PolyStyle></Style>
	<ExtendedData><SchemaData schemaUrl="#final_41wardboundary">
		<SimpleData name="qwr">12.00000000000</SimpleData>
	</SchemaData></ExtendedData>
      <MultiGeometry><Polygon><outerBoundaryIs><LinearRing><coordinates>73.8347225120493,18.5379834653937 73.8368884594831,18.5362008947302 73.8429498839523,18.5320861618605 73.8444612324808,18.5315844874785 73.8447164076844,18.5316253491085 73.8484993165625,18.535224905955 73.8486723592401,18.5352259605497 73.8488221552219,18.5350067834511 73.8489191655776,18.534056270408 73.8490828302059,18.5329961173073 73.8495387279843,18.5316601159089 73.8496880041802,18.5314195539029 73.8499886989541,18.5314062928992 73.8508252130061,18.5317081889743 73.8516593928703,18.532162873925 73.8525908751503,18.5308794308148 73.8535441807415,18.5300284360616 73.8538558308261,18.5302504168089 73.8543904824662,18.530395145301 73.8552233428272,18.5303058684786 73.8535393193632,18.531993500622 73.8542231364341,18.5323995106205 73.8557795445046,18.5326300145974 73.8561039537105,18.5322512422666 73.8565443183467,18.5318608883457 73.8569839461936,18.531581065663 73.8578225335586,18.5313282173273 73.8585439403685,18.5312711666612 73.8597410677715,18.5313152395705 73.860474421837,18.5317098058076 73.8605125117431,18.5304655253637 73.8606140856716,18.528522924993 73.860478627087,18.5280532072897 73.857837056535,18.5250683978883 73.8549767357878,18.5224411895094 73.8531103160883,18.5216920821239 73.8516374945748,18.5212603931528 73.8493779834573,18.5209810646244 73.8485985756639,18.5205793176816 73.8461259436575,18.5181853592669 73.8457606201566,18.517685025044 73.844981330624,18.5161989142487 73.8448634447922,18.515956937263 73.8445408085115,18.5155846655999 73.8442119678082,18.5151317337426 73.8431323784566,18.5139156443915 73.8429369082774,18.5137390887518 73.8423669203381,18.5144417593709 73.8414956470989,18.5176780330826 73.8388253093689,18.5180288658839 73.8367274984852,18.5181172711185 73.8366823671287,18.5169393800222 73.8363838551206,18.515937204575 73.8361315005293,18.5139982866087 73.8340057365558,18.5143017549291 73.8321573164659,18.5148095116882 73.8316125351958,18.5148947833894 73.8250424180363,18.5162588091157 73.8262678229017,18.5171329582195 73.8269001479236,18.5192236292672 73.8274468143191,18.5195116407498 73.8287615066148,18.5219574986825 73.829425100893,18.5229133742425 73.8298625937857,18.5290561877683 73.830214059006,18.537395948952 73.8311044223217,18.5366688249579 73.8314361431553,18.5365182447762 73.833816101589,18.5363599677466 73.8347225120493,18.5379834653937</coordinates></LinearRing></outerBoundaryIs></Polygon></MultiGeometry>
  </Placemark>
  <Placemark id="final_41wardboundary.29">
	<Style><LineStyle><color>ff0000ff</color></LineStyle><PolyStyle><fill>0</fill></PolyStyle></Style>
	<ExtendedData><SchemaData schemaUrl="#final_41wardboundary">
		<SimpleData name="qwr">17.00000000000</SimpleData>
	</SchemaData></ExtendedData>
      <MultiGeometry><Polygon><outerBoundaryIs><LinearRing><coordinates>73.9114934764184,18.4893576856269 73.9113750548855,18.4934533811076 73.9114097240482,18.4946147856439 73.9118507108224,18.4963093950245 73.9114291388944,18.4973855146595 73.9110514984508,18.4987296641216 73.9103840832276,18.4987438647211 73.9113923069032,18.5008810141126 73.9116843001908,18.5024000061536 73.9122722833863,18.5027439202504 73.9124786322217,18.5062274404137 73.9136217585538,18.5061280374662 73.9150846115721,18.5057781341187 73.9174431648778,18.5051756575233 73.9243826358065,18.5032089795597 73.9246945126951,18.5031231802948 73.9246945124976,18.5031232119225 73.9247110433596,18.5058860992194 73.924737757116,18.5076121139476 73.9244721334285,18.5081203147565 73.924263863015,18.5084499950847 73.9235015247728,18.5089464269784 73.925169226699,18.5089551584563 73.9259149474217,18.5089223502305 73.9260453904344,18.5091749876549 73.9261671929443,18.5117465086198 73.9287844992693,18.5116148343678 73.9287882441892,18.5117382190325 73.9288524749272,18.5131161441604 73.9288760017041,18.5145831039878 73.9325028299967,18.514514840175 73.9324069132475,18.5129353364297 73.9323778606917,18.5119337434575 73.9327608938901,18.5118970402061 73.9327425054537,18.5117016671804 73.9326005019678,18.5110910533336 73.9322531615229,18.5102756700467 73.9355697011435,18.5099217466951 73.9371544759307,18.5097629818677 73.9378909424622,18.5099903185125 73.9386514724475,18.5100246333367 73.9392227315684,18.5101083187851 73.9433825375383,18.5100430513688 73.944898605768,18.510044335179 73.944875666053,18.5099789750665 73.9447018537178,18.5092805028941 73.9450612925483,18.5081870856844 73.9450825934818,18.5075551706716 73.9449831910463,18.5072427636466 73.9447488853164,18.5070084576657 73.9443654766727,18.5067173510714 73.9441098712331,18.5065043457345 73.9439536669365,18.5062771412755 73.9438902087358,18.5054286713074 73.943890699492,18.5036959684111 73.9439038322332,18.5034910615374 73.9456172017678,18.5036271631156 73.9478762108679,18.5037701755013 73.9512115974139,18.5041262944474 73.9540502096953,18.5041803716154 73.954202868799,18.504204233499 73.9542498635932,18.5044116581882 73.9555618373018,18.5042347590268 73.9563586537438,18.5041317371843 73.9566478237932,18.5041365780777 73.9560262350424,18.5032475346603 73.9551175911456,18.501899783532 73.9546691689745,18.5011622877273 73.9543633818996,18.5003316616723 73.9540359305324,18.4985856161621 73.9374311653015,18.5008575481151 73.9332885829664,18.5014058595052 73.9314533617965,18.501503403072 73.9296926899722,18.5016364533484 73.9296718289574,18.5006450191305 73.9279497317715,18.5008194166912 73.9278662815865,18.5008182318006 73.9278337239388,18.5001282150124 73.9274405291302,18.4993203756923 73.9274028929798,18.4990588108425 73.9275237824962,18.4986886524673 73.92789300394,18.4982789384606 73.9280718890062,18.4980804341937 73.9281361796945,18.4978416160116 73.9280997892737,18.4973828885111 73.9282158092108,18.4968311090458 73.9283817009006,18.4960187399826 73.9282489063762,18.4953888254972 73.9278348982684,18.4947189539118 73.9277566936603,18.4937977844524 73.9275456883839,18.4934826209608 73.9273331269571,18.4933075619765 73.9280518981924,18.4925778876303 73.928692110269,18.4919279555612 73.9307984825958,18.4898726314304 73.9282734859073,18.4900171706371 73.9282751686056,18.4897465546396 73.9286447134838,18.4892321877655 73.9287107559213,18.4889699669816 73.9285808917793,18.4886661315451 73.9282491460126,18.4885165448439 73.9178411181302,18.489245154104 73.9163010117331,18.4891888699623 73.9139002172522,18.4893309649664 73.9114934764184,18.4893576856269</coordinates></LinearRing></outerBoundaryIs></Polygon></MultiGeometry>
  </Placemark>
  <Placemark id="final_41wardboundary.30">
	<Style><LineStyle><color>ff0000ff</color></LineStyle><PolyStyle><fill>0</fill></PolyStyle></Style>
	<ExtendedData><SchemaData schemaUrl="#final_41wardboundary">
		<SimpleData name="qwr">20.00000000000</SimpleData>
	</SchemaData></ExtendedData>
      <MultiGeometry><Polygon><outerBoundaryIs><LinearRing><coordinates>73.8624646198816,18.4844956381556 73.8624598928459,18.4822826512438 73.8640058751836,18.4823103717966 73.8651547590229,18.48247401014 73.8653562902571,18.4826872931935 73.8670035083189,18.4827805097234 73.8669961464139,18.4837126240345 73.8681666351468,18.4836608470592 73.8682037115549,18.483062683835 73.8683155532157,18.4829085035754 73.8683097279946,18.4807051837695 73.8705989910145,18.4804411218098 73.8721500440442,18.4808894412465 73.8738441790219,18.4810352007894 73.8751312042361,18.4812559488294 73.8764518131719,18.481701791461 73.8771962995595,18.4821887972002 73.8773496081474,18.4822841260044 73.8779983566141,18.4822774787067 73.8780941618159,18.4810715694549 73.8778839219685,18.4795873004833 73.8766882564113,18.4794996415058 73.876874056634,18.4776442365138 73.8769831840922,18.4743926387722 73.8772929293682,18.4741007234758 73.8774081941803,18.4732830991356 73.8777177868823,18.4718283939719 73.8762731908552,18.4718865111537 73.8748537764807,18.4721803952091 73.8737028124348,18.4721014248412 73.8736677146172,18.4711276767761 73.8737760731028,18.4696458889251 73.8720806608575,18.4695955196584 73.8720824162784,18.4693269578068 73.8705924530714,18.469493730119 73.8699530789755,18.4694813242131 73.8699439587759,18.4681233689935 73.8697800777106,18.4677055677222 73.8703906524844,18.4673009781515 73.8703867755943,18.466087277051 73.8705648621345,18.464678333783 73.8694751504044,18.4645442657037 73.8691576604952,18.4646766579422 73.867824042921,18.4645268908048 73.867514508188,18.4645744383597 73.8662723717726,18.4648245290289 73.86448494436,18.4648354943108 73.8644599418076,18.4665518632022 73.8644014581637,18.466865936418 73.8632674994386,18.4667783316025 73.8614626000145,18.4664724362577 73.8611251506135,18.4678079112539 73.8607842726304,18.4679830672334 73.8590803031784,18.4679676049183 73.8576669414516,18.4679537894157 73.8575984151349,18.4686296649272 73.8562908521412,18.473457693318 73.8562422635696,18.4745602090865 73.856289114651,18.4762468453157 73.8570751239179,18.4774796125942 73.8571587860492,18.4827398920325 73.8575248092228,18.4847896232427 73.8574753786507,18.4871079737011 73.8574274316155,18.4893565926791 73.8632436846999,18.4894518100425 73.8631024409806,18.4888885021243 73.8631914362023,18.4881242980391 73.8628414491859,18.4855586459828 73.8625958197746,18.4852916159504 73.8624646198816,18.4844956381556</coordinates></LinearRing></outerBoundaryIs></Polygon></MultiGeometry>
  </Placemark>
  <Placemark id="final_41wardboundary.31">
	<Style><LineStyle><color>ff0000ff</color></LineStyle><PolyStyle><fill>0</fill></PolyStyle></Style>
	<ExtendedData><SchemaData schemaUrl="#final_41wardboundary">
		<SimpleData name="qwr">22.00000000000</SimpleData>
	</SchemaData></ExtendedData>
      <MultiGeometry><Polygon><outerBoundaryIs><LinearRing><coordinates>73.8724299052875,18.5092862341968 73.8766576386109,18.507670163007 73.8767435071566,18.5076588484407 73.8765384791676,18.5071260543241 73.8763609754786,18.5067266698999 73.8759172149076,18.5069041744882 73.8757430207239,18.5064795236113 73.8748122511846,18.5067386515675 73.8744856434977,18.5057659286548 73.8732289146827,18.50537541964 73.8734321569686,18.5043747404022 73.8745859340937,18.5030434586888 73.8747767504468,18.501896340594 73.8747414871301,18.5005827220153 73.8738642218565,18.5005195590306 73.8733238273329,18.500252871373 73.8741168737948,18.4997405482877 73.8753452865558,18.4986967150814 73.8770427778294,18.4974001326295 73.8762940593044,18.4962423760708 73.8756522283093,18.4953718204142 73.8749984526976,18.4948515773061 73.8743143648164,18.4945340074606 73.8736410880759,18.4940413064438 73.8691880934435,18.4929726971906 73.8693375346996,18.5000563632107 73.8691942452683,18.5015235801492 73.8690535922481,18.5014852205914 73.8688955241159,18.5024793060912 73.8687968780621,18.5037033350602 73.8676649981999,18.5035957135872 73.8676414339548,18.5040560290059 73.8671872079286,18.5040533099589 73.8660682553457,18.5030096441798 73.865632021201,18.5029869237076 73.8653579567141,18.5030148583311 73.8650581249123,18.5030170585317 73.8649869781317,18.5043720670195 73.8649201553943,18.5061191630422 73.8672647754492,18.506021534866 73.8676552844638,18.5060144347186 73.8681025946591,18.5061067366366 73.8683511007229,18.5062629407824 73.868411377783,18.5063922767823 73.8683461175793,18.5067957063569 73.8682252513944,18.5074625050906 73.8681238951017,18.5096710206012 73.8682649652051,18.5107479926773 73.8724299052875,18.5092862341968</coordinates></LinearRing></outerBoundaryIs></Polygon></MultiGeometry>
  </Placemark>
  <Placemark id="final_41wardboundary.32">
	<Style><LineStyle><color>ff0000ff</color></LineStyle><PolyStyle><fill>0</fill></PolyStyle></Style>
	<ExtendedData><SchemaData schemaUrl="#final_41wardboundary">
		<SimpleData name="qwr">23.00000000000</SimpleData>
	</SchemaData></ExtendedData>
      <MultiGeometry><Polygon><outerBoundaryIs><LinearRing><coordinates>73.8620700681893,18.5187538307088 73.8620731011653,18.5185362581429 73.8622012237751,18.5182455563203 73.8623823379348,18.5180732070665 73.86298465562,18.517794050569 73.8628017107993,18.5166753733725 73.8627413740862,18.5163829434954 73.8628361152009,18.5161805514419 73.8636144805398,18.516180280393 73.8647769792275,18.5154350166601 73.86591946429,18.5154260308485 73.8659337542002,18.5167852689335 73.8685306790306,18.5168039942568 73.8684526819775,18.5175543883793 73.8692563651896,18.5175560280055 73.869638895268,18.517463269482 73.8700417457637,18.5173104358645 73.8704849190719,18.5169593478514 73.8711467663371,18.5161820810256 73.8711012759405,18.5144646740513 73.8719960521498,18.5106958907862 73.8755659297097,18.5110918039865 73.8760690402091,18.510507409143 73.8761724200182,18.5101710929575 73.8765497509939,18.5095004016607 73.8770243163592,18.5088380215558 73.8767435071566,18.5076588484407 73.8766576386109,18.507670163007 73.8756519742163,18.5080545948042 73.8724299051133,18.5092862343736 73.8682649654149,18.5107479927409 73.8661241188757,18.5117400808699 73.8658540721324,18.5109860168821 73.864156116021,18.5111639389704 73.8640191234256,18.5106928384267 73.8620222522159,18.5105620279094 73.8617782736855,18.5130784007243 73.8612381524724,18.513221356029 73.8606041053672,18.5131826871506 73.8597026594893,18.5129340960667 73.8584789940611,18.5127930565248 73.8582463909572,18.5138305932063 73.8579493866347,18.5158243824642 73.857909821296,18.51689928279 73.8561840965921,18.51687770521 73.8561451601712,18.5185463894044 73.8568023274394,18.5185741631202 73.8572626105054,18.5187765408257 73.8589321162396,18.5188004845538 73.8596904911709,18.5186862530861 73.8605642447768,18.5191716982382 73.8613042326583,18.5191750237266 73.8617309691446,18.5192485606084 73.8623356233915,18.5194164385069 73.8620700681893,18.5187538307088</coordinates></LinearRing></outerBoundaryIs></Polygon></MultiGeometry>
  </Placemark>
  <Placemark id="final_41wardboundary.33">
	<Style><LineStyle><color>ff0000ff</color></LineStyle><PolyStyle><fill>0</fill></PolyStyle></Style>
	<ExtendedData><SchemaData schemaUrl="#final_41wardboundary">
		<SimpleData name="qwr">24.00000000000</SimpleData>
	</SchemaData></ExtendedData>
      <MultiGeometry><Polygon><outerBoundaryIs><LinearRing><coordinates>73.8701666401774,18.5224184095491 73.8700306832894,18.5219234655688 73.8690432221596,18.5221086089977 73.868968385156,18.5219964166555 73.8689841061665,18.5200720543382 73.8720068154447,18.5201070096394 73.8724568343371,18.5204347565052 73.8765151326544,18.5191646311497 73.8762159253574,18.518408972954 73.8754867818829,18.5183195546389 73.8744302042313,18.5183092455939 73.8743487027022,18.5180760961496 73.8738787425279,18.5177317268581 73.8734119639093,18.5176942941741 73.8729838748603,18.5172957189283 73.8734723112125,18.5164026247352 73.873475259944,18.5159521647221 73.8732761014548,18.5154608981606 73.8732210979633,18.5151437510245 73.8733069716402,18.5147086359742 73.8736699268505,18.513958351824 73.8747788595501,18.5126036188785 73.874946777618,18.5123175000336 73.8750745758992,18.5118182791661 73.8755659297097,18.5110918039865 73.874028622745,18.5109213193848 73.8719960521066,18.5106958912038 73.8711012756582,18.5144646740492 73.8711467667275,18.5161820814582 73.8704849189519,18.5169593482853 73.8700417458575,18.5173104355301 73.8696388953172,18.5174632698397 73.869256364788,18.5175560283549 73.8684526823811,18.5175543888237 73.8685306786759,18.5168039941088 73.8659337538114,18.5167852686951 73.8659194641855,18.5154260307831 73.8647769788094,18.5154350170438 73.8636144804464,18.5161802806152 73.8628361154496,18.5161805516942 73.8627413738121,18.516382943083 73.8628017108717,18.5166753737072 73.8629846557836,18.5177940506341 73.8623823379115,18.5180732074658 73.8622012235093,18.5182455567173 73.8620731011015,18.5185362578008 73.8620700679617,18.5187538310647 73.8623356235723,18.5194164388478 73.8617309695139,18.51924856083 73.8613042330294,18.5191750240969 73.8605642446285,18.5191716982806 73.8596904908083,18.5186862531277 73.8589321163382,18.5188004843652 73.8572626109147,18.5187765409222 73.8568023270255,18.5185741629525 73.856145160319,18.5185463893426 73.8560963327195,18.5201524102771 73.8552573132004,18.5211785610431 73.8551613319665,18.5214668976642 73.8557125878727,18.5217689829886 73.8609166071557,18.5220639738515 73.8611159721397,18.5221724895897 73.861386759316,18.5223198802089 73.8607880594316,18.5234053948279 73.8608295365154,18.5238712486339 73.8610772923189,18.524408782956 73.8603214773403,18.525587138827 73.8610594381723,18.5261882185288 73.8620652056418,18.5271285223451 73.8633323553606,18.5278426773485 73.8658799830875,18.5263131966759 73.8690282159246,18.5246646878496 73.8696531011558,18.524367123872 73.86994471398,18.5241528768967 73.8701589614318,18.5238196050846 73.8707369495214,18.5226567154253 73.8701666401774,18.5224184095491</coordinates></LinearRing></outerBoundaryIs></Polygon></MultiGeometry>
  </Placemark>
  <Placemark id="final_41wardboundary.34">
	<Style><LineStyle><color>ff0000ff</color></LineStyle><PolyStyle><fill>0</fill></PolyStyle></Style>
	<ExtendedData><SchemaData schemaUrl="#final_41wardboundary">
		<SimpleData name="qwr">25.00000000000</SimpleData>
	</SchemaData></ExtendedData>
      <MultiGeometry><Polygon><outerBoundaryIs><LinearRing><coordinates>73.8429369082511,18.5137390885631 73.8431323793805,18.5139156455885 73.8442119676205,18.5151317334946 73.8445408096356,18.5155846659906 73.8448634445869,18.5159569375414 73.8449813305501,18.5161989143185 73.8457606211976,18.5176850246626 73.846125943228,18.5181853597131 73.8485985759323,18.520579317403 73.8493779834155,18.5209810648795 73.8516374943942,18.5212603933725 73.8529074329579,18.5216326171143 73.853110316069,18.5216920823001 73.8547461182434,18.5223486307593 73.8551613319665,18.5214668976642 73.8552573128754,18.5211785611717 73.8560963324896,18.5201524102466 73.856145160319,18.5185463893426 73.8561840965782,18.5168777056099 73.8579098208807,18.5168992826317 73.8579493868737,18.5158243826793 73.8582463907895,18.513830592772 73.8584789942158,18.5127930567792 73.8576186433838,18.5126393531848 73.8578521059071,18.5118635687027 73.8580430820355,18.5065895740527 73.8585998551769,18.5057653079002 73.8589386026592,18.5048082329138 73.8590720567726,18.5042443953912 73.8589632213856,18.5035398697933 73.8583912403636,18.501193011848 73.8577906456069,18.5017407943731 73.8570638359627,18.502403685787 73.8558917946301,18.5034726362863 73.855004365659,18.5042819942187 73.8543732412322,18.5046985368081 73.8539267677651,18.5050767523065 73.8530983658969,18.505847185999 73.8524996013005,18.5062577914654 73.8518036102374,18.5067350653967 73.8504236697166,18.5076813398221 73.8487812702627,18.5088433609622 73.8477704674826,18.5094658909807 73.8466390910934,18.5102708399765 73.8459672447047,18.5107859014137 73.8449074794872,18.5116457289612 73.8445090694512,18.5118079246119 73.8440434312237,18.5119974878671 73.8437919785526,18.5123523698533 73.8438314002139,18.5128299137601 73.84359071617,18.5129600217711 73.8429369082511,18.5137390885631</coordinates></LinearRing></outerBoundaryIs></Polygon></MultiGeometry>
  </Placemark>
  <Placemark id="final_41wardboundary.35">
	<Style><LineStyle><color>ff0000ff</color></LineStyle><PolyStyle><fill>0</fill></PolyStyle></Style>
	<ExtendedData><SchemaData schemaUrl="#final_41wardboundary">
		<SimpleData name="qwr">26.00000000000</SimpleData>
	</SchemaData></ExtendedData>
      <MultiGeometry><Polygon><outerBoundaryIs><LinearRing><coordinates>73.8576186434117,18.5126393535037 73.8584789942158,18.5127930567792 73.8597026599272,18.5129340961738 73.8606041051049,18.5131826873969 73.8612381522663,18.5132213563639 73.8617782734127,18.5130784008932 73.8620222523974,18.5105620281006 73.8640191235192,18.5106928383844 73.8641561159585,18.5111639388709 73.8658540721771,18.5109860166249 73.8661241185743,18.5117400812434 73.8682649656245,18.5107479928045 73.8681238949721,18.509671021015 73.8682252513992,18.5074625053707 73.8683461171429,18.5067957067312 73.8684113774331,18.5063922765979 73.8683511009506,18.5062629409086 73.8681025942026,18.5061067370351 73.8676552839904,18.5060144347125 73.8672647753303,18.5060215349415 73.8649201550548,18.5061191626393 73.8649869781663,18.5043720672463 73.8650581248449,18.5030170581629 73.8653579563606,18.5030148585442 73.8656320213487,18.5029869236715 73.8660682551262,18.5030096443415 73.8671872076062,18.5040533096875 73.867641433548,18.5040560287339 73.8676649983014,18.5035957132343 73.8687968780453,18.5037033347803 73.8688955241655,18.5024793058186 73.8690535918825,18.5014852203486 73.8679739043994,18.5011907603717 73.8665205889561,18.5004696496048 73.8652114963835,18.500092453166 73.864609009805,18.5000149160456 73.863664826744,18.4999696172385 73.8619295842977,18.5000216423767 73.8604056937596,18.5004129388271 73.8583993185988,18.5005467389152 73.8583912408304,18.5011930121203 73.8589632210856,18.5035398700935 73.8590720568807,18.5042443950359 73.8589386029814,18.5048082326974 73.858599854922,18.5057653081244 73.8580430819836,18.5065895743189 73.8578521062759,18.5118635691546 73.8576186434117,18.5126393535037</coordinates></LinearRing></outerBoundaryIs></Polygon></MultiGeometry>
  </Placemark>
  <Placemark id="final_41wardboundary.36">
	<Style><LineStyle><color>ff0000ff</color></LineStyle><PolyStyle><fill>0</fill></PolyStyle></Style>
	<ExtendedData><SchemaData schemaUrl="#final_41wardboundary">
		<SimpleData name="qwr">27.00000000000</SimpleData>
	</SchemaData></ExtendedData>
      <MultiGeometry><Polygon><outerBoundaryIs><LinearRing><coordinates>73.8507720220197,18.4926674303136 73.8497444126543,18.4926509630737 73.8471980660397,18.492695901067 73.8463251019763,18.4944309150592 73.8460421317245,18.4955762283226 73.8461492194692,18.4956498516139 73.8471746411147,18.4969113013228 73.8475748286135,18.4969349078581 73.8490272094047,18.4961183611771 73.8492213066945,18.4965734858624 73.8494206613931,18.4973600897243 73.8494847428933,18.4979565268194 73.8498659771065,18.4983591782326 73.8501572550102,18.4988774845064 73.8504527623747,18.4995590714078 73.849995941162,18.4999817105109 73.8494828857047,18.5003266577399 73.8488236471061,18.5007093894973 73.8483765803035,18.5008845693437 73.8475561823853,18.5011193535587 73.8470364620018,18.5012476796667 73.8457897824611,18.5012280498312 73.8455870080181,18.5012318137775 73.8454328370513,18.5021431452278 73.8453191769193,18.5028705938303 73.8450935381309,18.502864495045 73.8439049372936,18.5028028942411 73.8436634201281,18.5027199056922 73.843309769,18.50237131554 73.8421654916713,18.5010125648079 73.8391324605483,18.5010143607971 73.8390937941255,18.4993566995205 73.838420521701,18.4981793301548 73.8384150724468,18.4976358788591 73.8362791424488,18.497600477407 73.835568712012,18.4983716220409 73.8357900850059,18.4985741519989 73.8362845087136,18.4996502514234 73.8366625977753,18.5008136020429 73.8367983219514,18.5017733671041 73.8364687064594,18.5048271626674 73.8364493175005,18.5059226504894 73.8365990020768,18.5063523146916 73.8370395237006,18.5072581773801 73.8373745688189,18.5077111085769 73.8378065595941,18.50810393289 73.8393673883,18.5095484268818 73.8400847887443,18.5103918560624 73.8410930250228,18.5120690198551 73.8415936534678,18.5125258289468 73.8429369082511,18.5137390885631 73.8435907165926,18.5129600216727 73.8438314001128,18.5128299137584 73.8437919781927,18.5123523699276 73.8440434313241,18.5119974877396 73.8445090698362,18.5118079250281 73.8449074793572,18.5116457293019 73.8459672450806,18.5107859013855 73.8466390906246,18.5102708399493 73.847770467687,18.5094658908929 73.8487812704659,18.5088433609402 73.8504236699555,18.5076813402657 73.8518036101408,18.5067350657379 73.8524996013374,18.5062577913734 73.8530983658641,18.5058471859615 73.8539267679278,18.5050767525686 73.8543732413702,18.504698536677 73.8550043653174,18.5042819946358 73.855891794664,18.503472636269 73.8570638363222,18.5024036859633 73.8577906451696,18.5017407941418 73.8583912408304,18.5011930121203 73.8583993185988,18.5005467389152 73.8578594599842,18.4964605412504 73.8578803755224,18.49600039799 73.8576392941222,18.4924819390253 73.8507720220197,18.4926674303136</coordinates></LinearRing></outerBoundaryIs></Polygon></MultiGeometry>
  </Placemark>
  <Placemark id="final_41wardboundary.37">
	<Style><LineStyle><color>ff0000ff</color></LineStyle><PolyStyle><fill>0</fill></PolyStyle></Style>
	<ExtendedData><SchemaData schemaUrl="#final_41wardboundary">
		<SimpleData name="qwr">31.00000000000</SimpleData>
	</SchemaData></ExtendedData>
      <MultiGeometry><Polygon><outerBoundaryIs><LinearRing><coordinates>73.8150013837831,18.4931977275918 73.8132112118456,18.4925556754158 73.8087428411949,18.492202245103 73.8077318102784,18.4916984431967 73.8074494269084,18.4915577303846 73.8057873168741,18.4922077248791 73.8053538484123,18.4922242703428 73.8051553136061,18.492134928602 73.804966705265,18.4920819863779 73.8047317722048,18.4922209616498 73.8045067649138,18.4925088365036 73.8042916867589,18.4927239162348 73.8041294167085,18.4928337719749 73.8026064035334,18.4932919639808 73.8018698225225,18.4935135558429 73.8016795582129,18.493546567585 73.8019991926511,18.4959438179546 73.8020685584067,18.4975981215628 73.8020685584644,18.4997469753901 73.8023146588243,18.5023388135705 73.8019010481781,18.5024134650194 73.8019328420493,18.5028235582497 73.8024240090135,18.5054664913081 73.8027471449434,18.5069609975525 73.8013415020515,18.5073729953345 73.798942213945,18.5076153491887 73.7987160182089,18.508641306935 73.7986826956981,18.512006972323 73.8038200597848,18.5129662862585 73.8058088630794,18.5129713346019 73.8058579715946,18.5101549744936 73.806109589962,18.5086789208523 73.8061589991726,18.5073551111514 73.807862627778,18.5076598495084 73.8091297367691,18.508303952401 73.8103964310654,18.5084900781734 73.8111254265958,18.5091105007996 73.8115287019203,18.5093793507529 73.812025038329,18.5095344560802 73.8125058657035,18.5095964978677 73.8142999189841,18.5096637107096 73.815486800082,18.5099904012687 73.817857004959,18.5104805995798 73.8189324038328,18.5105633228908 73.8202811677271,18.5105272140455 73.8206176441662,18.5104245969641 73.8209198114426,18.5101314668208 73.8212465774365,18.5098144737069 73.8227066367197,18.5081695282179 73.8239322372626,18.506775444044 73.8236957234932,18.5066972489342 73.8224931469909,18.5067209113218 73.8220322333494,18.5072890192765 73.8216362077188,18.5071204506209 73.8217013404777,18.505553264706 73.8223146327479,18.5049194914595 73.8211415621042,18.5043490972727 73.8204953214354,18.5038753457994 73.8195483079951,18.5033184360903 73.8186210459488,18.5029632323677 73.8173135675333,18.5025922079286 73.8163359531383,18.5023912282873 73.8156286563355,18.5022393284287 73.8149340180697,18.5018616613514 73.8145635988361,18.5016602672422 73.8137095490461,18.5000539555876 73.8136610784095,18.4995692505311 73.8137580199884,18.4979858829359 73.8137733398248,18.4975867531501 73.8137059532591,18.4970860331435 73.8131964934731,18.4947795998554 73.8133240176432,18.4944173407529 73.8137127085944,18.4940204138635 73.8146354973051,18.4934245548242 73.8150013837831,18.4931977275918</coordinates></LinearRing></outerBoundaryIs></Polygon></MultiGeometry>
  </Placemark>
  <Placemark id="final_41wardboundary.38">
	<Style><LineStyle><color>ff0000ff</color></LineStyle><PolyStyle><fill>0</fill></PolyStyle></Style>
	<ExtendedData><SchemaData schemaUrl="#final_41wardboundary">
		<SimpleData name="qwr">40.00000000000</SimpleData>
	</SchemaData></ExtendedData>
      <MultiGeometry><Polygon><outerBoundaryIs><LinearRing><coordinates>73.8916362919633,18.4093046278373 73.8892957772713,18.4118706273133 73.8881820618066,18.4152289083198 73.8847826593648,18.4191957897974 73.8832145491865,18.4210928745547 73.8826772254998,18.4219482086996 73.8820964742786,18.4235939569098 73.8812192107505,18.4251028531208 73.8805625942988,18.4269752873148 73.8789453401343,18.4284575137058 73.8786069143189,18.4312054113681 73.8782923006694,18.4326302001255 73.8784993568426,18.4330198394446 73.8783960222354,18.4346784345712 73.8776558603393,18.4377764781979 73.8762186164634,18.4393584520287 73.8758657402234,18.4399658497969 73.8751381465016,18.4394777185192 73.8745762002993,18.4388271993652 73.8740687247515,18.4379005338647 73.8737971636527,18.4377481215233 73.8724736047641,18.4378327537074 73.8722867302681,18.4381121733015 73.8716880953071,18.4385147314771 73.8711200121506,18.4388066716917 73.8705457946243,18.4390294564408 73.8702686016013,18.4391346234176 73.8699380438168,18.4393462900106 73.8696274812569,18.4395203744231 73.8696171180408,18.4400983820123 73.8694568595206,18.4404430120401 73.8691520976085,18.4407365144522 73.8684833197293,18.4413231633995 73.8678094769308,18.441677295111 73.8675644121805,18.4419020338127 73.8673028566423,18.4420439318642 73.866242189212,18.4420947152142 73.8658629027839,18.4425784267319 73.865375181755,18.442620573757 73.8649007815151,18.4429718819794 73.8640369783931,18.4438022740196 73.8641348310424,18.44402808924 73.8641423576902,18.4446302602207 73.8640896677862,18.4450818900273 73.8639767614969,18.4454281390688 73.8637584746376,18.4459700928753 73.8636229847571,18.4463991405709 73.8637133109523,18.4467453893673 73.8639207772551,18.4480885154026 73.8633009834461,18.4487240013701 73.8630972624439,18.4491863891963 73.8632169578131,18.4497565351331 73.864040900368,18.4511752240626 73.8648483467641,18.4519752946467 73.8653124237493,18.4518013527868 73.8658070390277,18.4516766802028 73.8671750190364,18.4517143095147 73.8674270500829,18.4518100648305 73.867450378255,18.4522688891321 73.8678054869877,18.4523338421814 73.8678217785202,18.4528617414624 73.8681335163018,18.4535170708023 73.8683966198754,18.4535563406013 73.8684205259543,18.4539272014293 73.8689598207361,18.45401838546 73.8689811771135,18.4557841351499 73.8683806878451,18.4559879026768 73.8684543239534,18.4574358688033 73.8684893622463,18.4583687631641 73.8694351627967,18.4584725826522 73.8705758137112,18.4585890440304 73.8719421150278,18.4586384869548 73.8721219794439,18.4585569398783 73.8725299800817,18.4585770695917 73.8727202846275,18.4587906463664 73.8734929259544,18.4588424486523 73.8746711084672,18.4592920398402 73.8746801596533,18.4607497037317 73.8776821074153,18.4607830783311 73.8776834752337,18.4620185746291 73.877511806111,18.4646436182882 73.8775006458385,18.4648278334573 73.8768868045329,18.4658627040814 73.8764884784911,18.4668892221316 73.8816553078691,18.4670755379256 73.8815576940168,18.4661952198982 73.8815899453736,18.4661241205849 73.8824752580323,18.4660808049174 73.8827390800414,18.4661842892359 73.8833316229333,18.4657946271451 73.8842232132854,18.4655668977537 73.8842710116171,18.4644860398811 73.8844614217974,18.4644887429255 73.8844791996695,18.4629968235884 73.8845910468041,18.4629064736819 73.884560866376,18.4614274168281 73.8852217387758,18.4612341205469 73.8858727535531,18.4613365394024 73.8858761041457,18.4616547838236 73.8860203214537,18.4618682869117 73.8866522169091,18.4624711346093 73.8867922315592,18.4629421648756 73.8872109319469,18.4633314077433 73.8872313360129,18.4647005866005 73.8880285404662,18.4648025971244 73.8895747199992,18.4646161783859 73.8906110557944,18.4646874203427 73.8923721119641,18.4646946133034 73.893065826667,18.4647219220793 73.8940794084585,18.4647618179854 73.8947222497384,18.4646576585536 73.8985757165445,18.4649713156127 73.899766738361,18.4649695419637 73.9022539105248,18.4659107944298 73.9027961802691,18.4651046981861 73.9029160369784,18.4647671799248 73.9029715819281,18.4641242227344 73.9030975421651,18.4637370196457 73.9033922776575,18.4635128411352 73.9039435760167,18.463403087689 73.9043039566805,18.4633757072812 73.9059727670335,18.4624683044187 73.9073501512579,18.4608035993279 73.9075184029292,18.4603890151018 73.9076485946364,18.4601442385585 73.9079801761979,18.4597876798986 73.9084146339693,18.4594366226546 73.9083264022384,18.4577247938768 73.9058870948139,18.4582248051508 73.9044939726597,18.458569705398 73.9044115303492,18.458891482287 73.9034470503599,18.4595510342114 73.9026793819081,18.4597623868984 73.9021124787313,18.460010865835 73.9017839529194,18.4603086772257 73.9012061632287,18.460293341096 73.9004908758899,18.4601693083668 73.8997512287441,18.4599252458531 73.8991109348499,18.4598615856416 73.8992795940154,18.4590233646196 73.8992079655357,18.4584355082592 73.8990180539074,18.4566960614659 73.8983766047819,18.4548460943475 73.8985801945728,18.4544396645109 73.8982386335467,18.4528431992903 73.8979613387859,18.4510193226914 73.8979904705105,18.4489064096637 73.8980538667581,18.4443901703953 73.8988249851437,18.4436273768541 73.8992080766132,18.4427256597904 73.8993789495919,18.4424043967902 73.8997278022661,18.4419076943924 73.9003603591665,18.441202594862 73.9014579690651,18.4384755495561 73.9014781434457,18.4367933851242 73.9012757521576,18.4362569648933 73.901979614881,18.4354526411159 73.90196173558,18.4344704306919 73.9015903019338,18.4334631558985 73.9013702412205,18.4326715924803 73.9013428147055,18.4319271795248 73.9014407891763,18.4312942682859 73.9019268268026,18.4279402646861 73.9021570332194,18.4264996037835 73.9021516732863,18.4260775729716 73.9021308696217,18.4255557080443 73.9018651607856,18.4238038311566 73.9020197285176,18.4172589299577 73.9038145083825,18.4131626167233 73.9043500249802,18.4130822260765 73.9038445965289,18.4113557074663 73.9036446279129,18.4112010987893 73.9032787861846,18.4105851685044 73.9028610992149,18.4093512829494 73.9000052900411,18.409803448424 73.8985798542408,18.4097421152669 73.8972507552403,18.4097762786026 73.8948191922625,18.4100314734985 73.8929091053429,18.4097316577136 73.8916362919633,18.4093046278373</coordinates></LinearRing></outerBoundaryIs></Polygon></MultiGeometry>
  </Placemark>
  <Placemark id="final_41wardboundary.39">
	<Style><LineStyle><color>ff0000ff</color></LineStyle><PolyStyle><fill>0</fill></PolyStyle></Style>
	<ExtendedData><SchemaData schemaUrl="#final_41wardboundary">
		<SimpleData name="qwr">39.00000000000</SimpleData>
	</SchemaData></ExtendedData>
      <MultiGeometry><Polygon><outerBoundaryIs><LinearRing><coordinates>73.8630972631337,18.4491863863416 73.8639207772551,18.4480885154026 73.8633009834461,18.4487240013701 73.8630972631337,18.4491863863416</coordinates></LinearRing></outerBoundaryIs></Polygon><Polygon><outerBoundaryIs><LinearRing><coordinates>73.8630972631337,18.4491863863416 73.86291826142,18.4502558099672 73.863349150806,18.4515755670406 73.8639630031046,18.4532692056058 73.8651646303169,18.4551457527308 73.8649929260768,18.4552209594385 73.8630120115251,18.4564616754342 73.8631929582362,18.4571945451726 73.8630936339491,18.4577640025504 73.8629024184074,18.4582921906812 73.8629128334809,18.458978352402 73.862908969435,18.4592347734507 73.8629064367209,18.4594028340348 73.8626905967055,18.4598756666415 73.8611374408385,18.4599849143935 73.8611342391879,18.460636112987 73.8609480836047,18.4609027013384 73.8609411795411,18.461949113036 73.8611951664514,18.462256024014 73.861216217161,18.4632085705119 73.8607351154939,18.4643545597636 73.8606105355143,18.4646513099507 73.8619872653873,18.4652853156719 73.861462600395,18.4664724360035 73.8632674990174,18.4667783318849 73.8644014581637,18.466865936418 73.8644599418076,18.4665518632022 73.86448494436,18.4648354943108 73.8662723721656,18.4648245290694 73.8675145080011,18.4645744379192 73.8678240428878,18.4645268910741 73.8691576605434,18.4646766582216 73.8694751507416,18.4645442654623 73.8705648619786,18.4646783340352 73.8703867757278,18.4660872773715 73.8703906522882,18.4673009779529 73.8697800779905,18.4677055673081 73.8699439583763,18.4681233689328 73.8699530788375,18.4694813238368 73.8705924531458,18.4694937303198 73.872082416466,18.4693269580474 73.8720806610442,18.4695955200408 73.8737760732662,18.4696458885606 73.8736677146408,18.4711276768511 73.873702812151,18.4721014252081 73.8748537764008,18.4721803947984 73.8750059542944,18.4712744823588 73.8762396084541,18.4678647992259 73.8764884783515,18.4668892222602 73.8768868046715,18.4658627038838 73.877500645566,18.4648278336198 73.8775118065015,18.4646436184251 73.8776834748692,18.4620185744291 73.8776821070709,18.4607830783796 73.87468015949,18.4607497039125 73.8746711085478,18.4592920397873 73.873492925681,18.4588424489575 73.8727202843518,18.458790646686 73.8725299801005,18.4585770699773 73.8721219791176,18.4585569395895 73.8719421154632,18.4586384870972 73.8705758133762,18.4585890444068 73.8694351628205,18.4584725825462 73.8684893623541,18.4583687630817 73.868454324186,18.4574358689944 73.8683806877943,18.4559879027944 73.8689811770761,18.4557841350201 73.8689598205151,18.4540183854681 73.8684205260506,18.4539272014031 73.8683966198242,18.4535563407753 73.8681335162105,18.4535170707667 73.8678217785684,18.4528617414149 73.8678054869246,18.4523338423662 73.8674503781145,18.4522688889676 73.8674270502685,18.4518100648327 73.8671750190627,18.4517143094445 73.8658070388847,18.4516766803353 73.8653124237077,18.4518013526401 73.8648483466078,18.451975294633 73.8640409004639,18.4511752241261 73.8632169579893,18.4497565350302 73.8630972631337,18.4491863863416</coordinates></LinearRing></outerBoundaryIs></Polygon></MultiGeometry>
  </Placemark>
  <Placemark id="final_41wardboundary.40">
	<Style><LineStyle><color>ff0000ff</color></LineStyle><PolyStyle><fill>0</fill></PolyStyle></Style>
	<ExtendedData><SchemaData schemaUrl="#final_41wardboundary">
		<SimpleData name="qwr">38.00000000000</SimpleData>
	</SchemaData></ExtendedData>
      <MultiGeometry><Polygon><outerBoundaryIs><LinearRing><coordinates>73.8606105356205,18.4646513098576 73.8607351157113,18.4643545598549 73.8612162170646,18.4632085706156 73.8611951665407,18.4622560240341 73.8609411796457,18.4619491131886 73.8609480837094,18.460902701504 73.8611342392164,18.4606361128442 73.861137440987,18.4599849144839 73.8626905965989,18.4598756664583 73.8629064366013,18.4594028341082 73.862908969475,18.4592347734512 73.8626540907139,18.4589288318002 73.8627022637986,18.4582640349574 73.8628648953987,18.4578872621874 73.8631036123419,18.457147908849 73.8628777970727,18.4565457371961 73.8649929260828,18.4552209593799 73.8651646307926,18.4551457535733 73.8639630031046,18.4532692056058 73.863349150806,18.4515755670406 73.86291826142,18.4502558099672 73.8630972629962,18.4491863862669 73.8633009835509,18.4487240016648 73.8639207777218,18.4480885153728 73.8637133113203,18.4467453895881 73.8636229852127,18.4463991407079 73.8637584743743,18.4459700930454 73.8639767614185,18.4454281390974 73.8640896677041,18.4450818902172 73.8641423580835,18.444630260578 73.864134830758,18.4440280889252 73.8640369783087,18.4438022738379 73.8649007810708,18.4429718819795 73.865375182051,18.44262057393 73.865862902437,18.4425784263584 73.8662421895239,18.4420947147864 73.8673028569104,18.4420439318563 73.8675644121805,18.4419020338127 73.8678094769308,18.441677295111 73.8684833197293,18.4413231633995 73.8691520976085,18.4407365144522 73.8694568595206,18.4404430120401 73.8696171180408,18.4400983820125 73.8696274812569,18.4395203744231 73.8699380438168,18.4393462900106 73.8702686016013,18.4391346234176 73.8705457946243,18.4390294564408 73.8711200121506,18.4388066716917 73.8716880953071,18.4385147314771 73.8722867302681,18.4381121733015 73.8724736047641,18.4378327537074 73.8737971636527,18.4377481215233 73.8740687247515,18.4379005338647 73.8745762002993,18.4388271993652 73.8751381465016,18.4394777185192 73.8758657402234,18.4399658497969 73.8762186164634,18.4393584520287 73.8776558603393,18.4377764781979 73.8783960222354,18.4346784345712 73.8784993568426,18.4330198394447 73.8782923006694,18.4326302001255 73.8786069143189,18.4312054113681 73.8789453401449,18.4284575138046 73.8805625945882,18.4269752872798 73.8812192102984,18.4251028529144 73.8820964746727,18.4235939568958 73.8826772253737,18.4219482083434 73.8832145487125,18.4210928748365 73.8847826596921,18.4191957900538 73.8881820619526,18.4152289083875 73.8892957769786,18.4118706276275 73.8916362922812,18.4093046280062 73.8900601377651,18.4057835501708 73.8857528024499,18.4010330163606 73.8832537888314,18.4010781794145 73.8769686195062,18.3951919493491 73.8758874203683,18.3963800338117 73.8745433727785,18.3968039634323 73.872857291431,18.397382048543 73.8719901633154,18.4005422464277 73.8693367531888,18.4004433084122 73.8659714559181,18.3991662836971 73.85988199256,18.4008674187967 73.8572992394684,18.4012084929777 73.8512742475797,18.4020004403478 73.8511234687571,18.4018878323331 73.8472138013759,18.3992415551537 73.8426297680495,18.397209224926 73.8372704381803,18.3948306458178 73.831977441406,18.3930697633589 73.8307660411199,18.3903411717078 73.8290253880114,18.3902470828367 73.8235833618828,18.3920085480561 73.8244918848927,18.3952600487123 73.822813647432,18.3982564162007 73.8216498528133,18.4026046034039 73.8214949763434,18.4040143449617 73.8217503990728,18.4113484886791 73.8217743853044,18.4149075323346 73.8232036046392,18.4164532728004 73.8244672068005,18.4174750643044 73.8257486853063,18.4189343564001 73.8266562493405,18.4196582527907 73.8270693849865,18.4200679818043 73.8275436789725,18.4208954456983 73.8278792413882,18.4217373217753 73.8281257066932,18.4227440638362 73.8285354116859,18.4232682885365 73.8287176973908,18.4244793591085 73.8289439805359,18.4248272459725 73.8294894427736,18.4249120451576 73.829719186032,18.4250030394479 73.8301750941424,18.4257143392874 73.8305993023275,18.4260671251681 73.8321032783323,18.4269803168846 73.8329553226003,18.4274877429017 73.8333716548823,18.4278290738732 73.8338227501145,18.428413838357 73.8342655093189,18.4288856268321 73.8346616566798,18.4295221714904 73.8347594216314,18.4298702310928 73.8349794952875,18.4306381629542 73.8350646497225,18.4315073329604 73.8355879772512,18.4331935477142 73.8356104801101,18.4349201227916 73.8357070140602,18.4357893622058 73.8360907292306,18.4362477558937 73.8360417895165,18.4367577859364 73.8361949254933,18.4369932597184 73.8360429366904,18.4375894877228 73.8359299879337,18.4385724130113 73.8353716192854,18.4399741577933 73.8350326454289,18.4428032344154 73.8350668199762,18.4442051449106 73.8352076475572,18.4455760671132 73.8348065198743,18.4457157170684 73.8346991418168,18.4478378692957 73.8344995308822,18.4497249677808 73.8342713175249,18.4500021065789 73.834088614709,18.4514789572103 73.831048754833,18.4516026652011 73.8300873531757,18.4522446748103 73.8291817729809,18.4530977992392 73.8281103649654,18.4542777660604 73.8281727316207,18.4547309266723 73.8283817503109,18.4552708654496 73.8287531495774,18.455991355266 73.8287753622587,18.4563827531307 73.8286426394313,18.4564128469017 73.8284120701503,18.4564630951237 73.8272471850018,18.4575468181139 73.8259403151482,18.4583620687877 73.8260355054909,18.4585710657544 73.8265424820711,18.4595111797443 73.826212417224,18.4612750709076 73.8276914849984,18.4618835177159 73.8305131550617,18.4619144965219 73.8315199797403,18.4616207510845 73.8315594187427,18.4636738439823 73.8317279071497,18.4645295591195 73.832259735054,18.4649038069227 73.8328629343507,18.4649782053475 73.8336784721432,18.4650008586714 73.8344715190815,18.4650219134807 73.8347382082828,18.4650640222463 73.8349908608948,18.465316675337 73.8350891141868,18.4654851096826 73.836422557721,18.465513182011 73.8370541884774,18.4649868236515 73.8374050935886,18.4647271522562 73.8387244994418,18.4647131166815 73.8398776648887,18.4629493748732 73.8421914496709,18.4631248293196 73.842372193572,18.4629685252994 73.8422853567722,18.4621140900897 73.8420716043742,18.4615488309341 73.84150520559,18.4612016408443 73.8411791278614,18.4585248596161 73.8421591383578,18.4585304175735 73.8424312333339,18.4586967479659 73.8437321523947,18.4587595723235 73.8437816947205,18.4589688343991 73.8450660162065,18.4590665632302 73.8459656807035,18.4592086921962 73.8463279086299,18.4576813356055 73.8464541365153,18.4576252128376 73.8467156413322,18.4576457671951 73.8484920822555,18.4578995790786 73.8491650727433,18.4569266604765 73.8496196364791,18.4565698124788 73.8504825315325,18.4571396270537 73.8506334935594,18.4571045813668 73.8507172044787,18.4569828234116 73.8510372949563,18.456243830444 73.8511638835186,18.4517152818478 73.851280037218,18.4504370978476 73.8551776167837,18.4491998174901 73.8571691330599,18.4486521054876 73.8582273012219,18.4482755101993 73.8583633476394,18.4482409780755 73.8584858049703,18.4483569591935 73.8584283344347,18.4486832547308 73.8581261754555,18.4506157894616 73.8580909926616,18.4513779448592 73.8582654845301,18.4523427433171 73.8586219327566,18.4544208289582 73.8586774906854,18.4548888251215 73.8586725459134,18.4556370550699 73.8584029942351,18.456895909519 73.8580246870332,18.4586703776022 73.8580057852146,18.4600695665927 73.8580475612908,18.4614543909666 73.8580856401808,18.4635110680477 73.8576669414516,18.4679537894157 73.8607842726304,18.4679830672334 73.8611251506135,18.4678079112539 73.8614626000145,18.4664724362577 73.8619872653873,18.4652853156719 73.8606105356205,18.4646513098576</coordinates></LinearRing></outerBoundaryIs></Polygon></MultiGeometry>
  </Placemark>
  <Placemark id="final_41wardboundary.41">
	<Style><LineStyle><color>ff0000ff</color></LineStyle><PolyStyle><fill>0</fill></PolyStyle></Style>
	<ExtendedData><SchemaData schemaUrl="#final_41wardboundary">
		<SimpleData name="qwr">4.00000000000</SimpleData>
	</SchemaData></ExtendedData>
      <MultiGeometry><Polygon><outerBoundaryIs><LinearRing><coordinates>74.0157297340402,18.5904163870067 74.0079774179237,18.5784796288319 74.0051675113716,18.5762481455357 74.0008827742208,18.5635669015913 73.9992796975999,18.5636737734259 73.9977834919147,18.5640026096328 73.9961393099812,18.5641588065837 73.9959337879141,18.563813528072 73.9937305837995,18.5637888659635 73.9924727847913,18.5643889916588 73.9917329035507,18.5648575834109 73.9911327769562,18.5653426174679 73.9897352224028,18.5670443452204 73.9851637400147,18.5682403230326 73.9852005699505,18.5688506434425 73.9825254861624,18.5689844796502 73.9823528469065,18.5680555168487 73.9809799553607,18.5680637375514 73.9793871543937,18.5648144240464 73.9785393733935,18.5623866870959 73.9775929412613,18.5608622220141 73.9762775964339,18.5599168178069 73.9755294935914,18.5586919025094 73.9754196620878,18.5582016074183 73.9753404129298,18.5557817008649 73.9753512641497,18.5530770221869 73.9756038108673,18.5528402603698 73.9755511969304,18.5527560784304 73.9752039453061,18.5521878489902 73.9751020062527,18.5505038783515 73.9743210196993,18.5503476805011 73.9724379184752,18.5461889293758 73.970613390096,18.5429981887156 73.9704240516937,18.5424803331018 73.9695477555245,18.5427849594585 73.966573974045,18.5435742048048 73.9651516012695,18.5439146779397 73.9637264740842,18.544302960291 73.96220031869,18.5449686383921 73.9610159575737,18.5455616471825 73.9607168063228,18.5456934738643 73.9607172376116,18.5460586376414 73.9596128198758,18.5465172835459 73.9579469624824,18.5466377072646 73.9571240684211,18.5465574247854 73.9556789864962,18.5462162246991 73.9544546818382,18.5456542491443 73.9535515061972,18.5454736140161 73.9520261417931,18.5455739666653 73.9494938775405,18.5454151364994 73.9482023066132,18.5454360394654 73.9469536165162,18.5454562409128 73.9456685860366,18.545187005476 73.9448208050363,18.5446860444256 73.9438188820359,18.5439410244588 73.9432295953391,18.5432374002903 73.9429582562313,18.5429134113051 73.9419388629819,18.5408443109127 73.9407341119253,18.5378714198122 73.9400976954514,18.5367669508909 73.9393359179772,18.5360155543006 73.9386679687569,18.5356815807746 73.9374862137423,18.5355402834068 73.9336690912835,18.5358046133871 73.9316956116633,18.5359528710281 73.9315559624645,18.5359990347525 73.9319050907731,18.5369764875521 73.9319747885061,18.537913250464 73.9319472876056,18.5388234123924 73.9317749300691,18.5397334284551 73.9312932360941,18.5423626746979 73.9307111894699,18.544751072604 73.9289827113832,18.5501323962932 73.9286292121686,18.552600209732 73.9282046812046,18.5562870892867 73.9279761486183,18.5608221214262 73.9279462193427,18.5626527362349 73.9300354289919,18.5628878819703 73.9344078833172,18.5632809063889 73.9342571497479,18.5654773116287 73.9341502752151,18.5674143011291 73.9341602486966,18.56835201973 73.9325560119505,18.5680720859582 73.9313837339723,18.567978631109 73.9312441969623,18.568129796353 73.9308488441989,18.568160804078 73.9305736480555,18.567978631109 73.9302034889,18.5679321190721 73.9301853198967,18.5682046514236 73.9274236619726,18.5682167643922 73.9273085928174,18.569730829714 73.9281098995524,18.5713177374237 73.9286730073535,18.5710101369085 73.9301550379248,18.5723662749837 73.9310852813607,18.5715794446356 73.9313410980133,18.5718236339537 73.9304806230824,18.5726569763385 73.9308604724329,18.5730058170649 73.9308876040797,18.5738701680738 73.9313914861283,18.5746492462658 73.9321899438109,18.5745368409027 73.933584687983,18.5729326383307 73.9336913547723,18.5725729436865 73.9338372490899,18.5724076995558 73.9341218926113,18.5721412250376 73.9345942822005,18.572637837866 73.9360310705776,18.573242254227 73.9345446980794,18.5752098719381 73.9345233643619,18.5756183853802 73.9373279837996,18.5756216589127 73.9373540470518,18.5755350047368 73.9377325636071,18.573453163233 73.940722845383,18.573765440223 73.9433879808707,18.5741700739899 73.9434000938394,18.5756720281417 73.9412869406398,18.5764399628342 73.9467056041804,18.576246161631 73.9467128707026,18.5737521914107 73.9435636130705,18.5736855732307 73.9451140172982,18.5713902470625 73.9465796343426,18.5696278744269 73.9479120123297,18.5674536743477 73.9452249675582,18.5664747389181 73.9449342671029,18.5663080711607 73.9446474418261,18.5661220221137 73.9434576621416,18.5648035584376 73.9434179723617,18.5646820069691 73.9434576621416,18.564548052051 73.9436114623992,18.5644761125826 73.9437998074152,18.5645042721545 73.9447386699537,18.5650891282608 73.9468973980964,18.5661537061288 73.9486125518279,18.5674104996949 73.9540939457791,18.5698856444071 73.9547970599866,18.5717746607808 73.9572548126701,18.5733205877645 73.960099768937,18.5745807330696 73.9621607008064,18.5753532003459 73.9646864917206,18.5761768559696 73.9665481793264,18.5766501146733 73.9674697624221,18.576812599674 73.9692749255586,18.5769984331025 73.9706116226121,18.5775970866221 73.9709067372717,18.5777165425402 73.9720065106392,18.578161702539 73.9722907139554,18.5783019387446 73.9724647746106,18.5783878263305 73.9727045071693,18.5785430694106 73.9728214220444,18.5786200837493 73.973303176214,18.5789374266993 73.9736380408689,18.5790683242319 73.9749719209962,18.5793071046826 73.9775480940646,18.5803866824856 73.9784892982727,18.580521437189 73.9794059625654,18.5831472558216 73.9795062812566,18.5842405933612 73.979980207896,18.5845672925738 73.9800956972087,18.584743875692 73.9806077553273,18.5851911716402 73.9810924432103,18.5853419681595 73.9820627016681,18.585495385392 73.9830070703306,18.5851022608564 73.9835586505969,18.5837994386878 73.9843331406535,18.5842110963166 73.9854782562305,18.5843561767982 73.9857462035366,18.5843105903631 73.9858712309938,18.5811314175711 73.9865376765656,18.5813375853414 73.9890988206619,18.5827006910089 73.9936151978546,18.5854271851583 73.9956972713304,18.5874786048097 73.9980021880933,18.5903559953321 73.998393872601,18.591157996945 73.9997797790374,18.5932283403841 74.0010458152182,18.5949258557602 74.0016884265474,18.5957874617957 74.0027683167652,18.5968368531237 74.0053862820608,18.598333502947 74.0075186798845,18.5995525161165 74.0085830850215,18.6000103192355 74.0095470037317,18.6008849669835 74.0099593088419,18.6012810659042 74.0116046213143,18.6029827709139 74.0118126361444,18.6028075977927 74.0131963789099,18.6018447647241 74.0132595158141,18.6016395709095 74.0133279137523,18.6013712401906 74.0135383695002,18.6011502623748 74.0149557855811,18.6006409610116 74.0154137356556,18.5977349951741 74.0157673005206,18.5962803282746 74.0158784207525,18.5959402325557 74.0160535196543,18.5957348282998 74.0163464738108,18.5955159548976 74.0179000544441,18.5950858631222 74.0182946580721,18.5947652476181 74.0183110994778,18.5945103995354 74.0181302395191,18.5943459809823 74.0166915805522,18.5940335870804 74.0167655686762,18.5933265886512 74.0171683930071,18.592315417023 74.0167326849655,18.5913453498082 74.0157297340402,18.5904163870067</coordinates></LinearRing></outerBoundaryIs></Polygon></MultiGeometry>
  </Placemark>
</Folder>
</Document></kml>
